Ticker,Name,Sector,Asset Class,Market Value,Weight (%),Notional Value,Shares,Price,Location,Exchange,Currency,FX Rate,Accrual Date
AAPL,APPLE INC,Information Technology,Equity,"33,711,119,642.20",6.89,"33,711,119,642.20","155,000,780.00",217.49,United States,NASDAQ,USD,1.00,--
MSFT,MICROSOFT CORP,Information Technology,Equity,"33,439,844,286.40",6.84,"33,439,844,286.40","79,923,146.00",418.40,United States,NASDAQ,USD,1.00,--
NVDA,NVIDIA CORP,Information Technology,Equity,"29,700,030,738.56",6.07,"29,700,030,738.56","264,517,552.00",112.28,United States,NASDAQ,USD,1.00,--
AMZN,AMAZON COM INC,Consumer Discretionary,Equity,"17,711,374,771.20",3.62,"17,711,374,771.20","98,478,592.00",179.85,United States,NASDAQ,USD,1.00,--
META,META PLATFORMS INC CLASS A,Communication,Equity,"10,684,890,484.66",2.19,"10,684,890,484.66","23,565,626.00",453.41,United States,NASDAQ,USD,1.00,--
GOOGL,ALPHABET INC CLASS A,Communication,Equity,"10,566,364,485.36",2.16,"10,566,364,485.36","63,165,737.00",167.28,United States,NASDAQ,USD,1.00,--
GOOG,ALPHABET INC CLASS C,Communication,Equity,"8,889,349,034.52",1.82,"8,889,349,034.52","52,549,947.00",169.16,United States,NASDAQ,USD,1.00,--
BRKB,BERKSHIRE HATHAWAY INC CLASS B,Financials,Equity,"8,435,108,604.78",1.73,"8,435,108,604.78","19,467,582.00",433.29,United States,New York Stock Exchange Inc.,USD,1.00,--
LLY,ELI LILLY,Health Care,Equity,"7,049,838,136.95",1.44,"7,049,838,136.95","8,584,905.00",821.19,United States,New York Stock Exchange Inc.,USD,1.00,--
AVGO,BROADCOM INC,Information Technology,Equity,"6,991,821,106.84",1.43,"6,991,821,106.84","46,843,234.00",149.26,United States,NASDAQ,USD,1.00,--
TSLA,TESLA INC,Consumer Discretionary,Equity,"6,571,501,018.50",1.34,"6,571,501,018.50","29,836,554.00",220.25,United States,NASDAQ,USD,1.00,--
JPM,JPMORGAN CHASE & CO,Financials,Equity,"6,443,821,206.13",1.32,"6,443,821,206.13","30,880,439.00",208.67,United States,New York Stock Exchange Inc.,USD,1.00,--
XOM,EXXON MOBIL CORP,Energy,Equity,"5,664,723,267.07",1.16,"5,664,723,267.07","48,239,149.00",117.43,United States,New York Stock Exchange Inc.,USD,1.00,--
UNH,UNITEDHEALTH GROUP INC,Health Care,Equity,"5,539,390,824.00",1.13,"5,539,390,824.00","9,897,425.00",559.68,United States,New York Stock Exchange Inc.,USD,1.00,--
V,VISA INC CLASS A,Financials,Equity,"4,295,228,508.24",0.88,"4,295,228,508.24","16,927,676.00",253.74,United States,New York Stock Exchange Inc.,USD,1.00,--
PG,PROCTER & GAMBLE,Consumer Staples,Equity,"4,235,838,550.00",0.87,"4,235,838,550.00","25,379,500.00",166.90,United States,New York Stock Exchange Inc.,USD,1.00,--
JNJ,JOHNSON & JOHNSON,Health Care,Equity,"4,131,499,642.92",0.85,"4,131,499,642.92","25,880,103.00",159.64,United States,New York Stock Exchange Inc.,USD,1.00,--
COST,COSTCO WHOLESALE CORP,Consumer Staples,Equity,"3,891,454,850.40",0.80,"3,891,454,850.40","4,769,232.00",815.95,United States,NASDAQ,USD,1.00,--
MA,MASTERCARD INC CLASS A,Financials,Equity,"3,792,816,823.20",0.78,"3,792,816,823.20","8,828,717.00",429.60,United States,New York Stock Exchange Inc.,USD,1.00,--
HD,HOME DEPOT INC,Consumer Discretionary,Equity,"3,765,047,565.58",0.77,"3,765,047,565.58","10,657,102.00",353.29,United States,New York Stock Exchange Inc.,USD,1.00,--
ABBV,ABBVIE INC,Health Care,Equity,"3,459,273,858.54",0.71,"3,459,273,858.54","18,989,262.00",182.17,United States,New York Stock Exchange Inc.,USD,1.00,--
MRK,MERCK & CO INC,Health Care,Equity,"3,427,968,874.65",0.70,"3,427,968,874.65","27,238,529.00",125.85,United States,New York Stock Exchange Inc.,USD,1.00,--
WMT,WALMART INC,Consumer Staples,Equity,"3,216,404,130.12",0.66,"3,216,404,130.12","45,935,506.00",70.02,United States,New York Stock Exchange Inc.,USD,1.00,--
BAC,BANK OF AMERICA CORP,Financials,Equity,"3,049,463,141.04",0.62,"3,049,463,141.04","73,163,703.00",41.68,United States,New York Stock Exchange Inc.,USD,1.00,--
NFLX,NETFLIX INC,Communication,Equity,"2,938,088,987.68",0.60,"2,938,088,987.68","4,633,552.00",634.09,United States,NASDAQ,USD,1.00,--
CVX,CHEVRON CORP,Energy,Equity,"2,903,622,890.80",0.59,"2,903,622,890.80","18,431,020.00",157.54,United States,New York Stock Exchange Inc.,USD,1.00,--
KO,COCA-COLA,Consumer Staples,Equity,"2,754,646,995.92",0.56,"2,754,646,995.92","41,692,856.00",66.07,United States,New York Stock Exchange Inc.,USD,1.00,--
CRM,SALESFORCE INC,Information Technology,Equity,"2,679,179,018.56",0.55,"2,679,179,018.56","10,444,328.00",256.52,United States,New York Stock Exchange Inc.,USD,1.00,--
ADBE,ADOBE INC,Information Technology,Equity,"2,563,727,879.85",0.52,"2,563,727,879.85","4,817,679.00",532.15,United States,NASDAQ,USD,1.00,--
PEP,PEPSICO INC,Consumer Staples,Equity,"2,528,306,492.78",0.52,"2,528,306,492.78","14,783,689.00",171.02,United States,NASDAQ,USD,1.00,--
TMO,THERMO FISHER SCIENTIFIC INC,Health Care,Equity,"2,440,259,607.00",0.50,"2,440,259,607.00","4,104,726.00",594.50,United States,New York Stock Exchange Inc.,USD,1.00,--
AMD,ADVANCED MICRO DEVICES INC,Information Technology,Equity,"2,404,145,037.84",0.49,"2,404,145,037.84","17,381,037.00",138.32,United States,NASDAQ,USD,1.00,--
ORCL,ORACLE CORP,Information Technology,Equity,"2,362,597,128.78",0.48,"2,362,597,128.78","17,142,629.00",137.82,United States,New York Stock Exchange Inc.,USD,1.00,--
LIN,LINDE PLC,Materials,Equity,"2,290,175,358.38",0.47,"2,290,175,358.38","5,169,346.00",443.03,United States,NASDAQ,USD,1.00,--
WFC,WELLS FARGO,Financials,Equity,"2,238,158,970.00",0.46,"2,238,158,970.00","37,490,100.00",59.70,United States,New York Stock Exchange Inc.,USD,1.00,--
ACN,ACCENTURE PLC CLASS A,Information Technology,Equity,"2,231,933,067.00",0.46,"2,231,933,067.00","6,760,975.00",330.12,United States,New York Stock Exchange Inc.,USD,1.00,--
QCOM,QUALCOMM INC,Information Technology,Equity,"2,108,589,267.71",0.43,"2,108,589,267.71","12,022,289.00",175.39,United States,NASDAQ,USD,1.00,--
CSCO,CISCO SYSTEMS INC,Information Technology,Equity,"2,056,968,580.08",0.42,"2,056,968,580.08","43,542,942.00",47.24,United States,NASDAQ,USD,1.00,--
ABT,ABBOTT LABORATORIES,Health Care,Equity,"1,982,197,534.56",0.41,"1,982,197,534.56","18,707,036.00",105.96,United States,New York Stock Exchange Inc.,USD,1.00,--
MCD,MCDONALDS CORP,Consumer Discretionary,Equity,"1,948,783,567.50",0.40,"1,948,783,567.50","7,749,875.00",251.46,United States,New York Stock Exchange Inc.,USD,1.00,--
GE,GE AEROSPACE,Industrials,Equity,"1,938,282,651.03",0.40,"1,938,282,651.03","11,770,709.00",164.67,United States,New York Stock Exchange Inc.,USD,1.00,--
TXN,TEXAS INSTRUMENT INC,Information Technology,Equity,"1,930,276,132.15",0.39,"1,930,276,132.15","9,790,901.00",197.15,United States,NASDAQ,USD,1.00,--
AMGN,AMGEN INC,Health Care,Equity,"1,928,399,521.00",0.39,"1,928,399,521.00","5,768,470.00",334.30,United States,NASDAQ,USD,1.00,--
DHR,DANAHER CORP,Health Care,Equity,"1,914,593,465.16",0.39,"1,914,593,465.16","7,088,724.00",270.09,United States,New York Stock Exchange Inc.,USD,1.00,--
IBM,INTERNATIONAL BUSINESS MACHINES CO,Information Technology,Equity,"1,896,432,386.38",0.39,"1,896,432,386.38","9,878,281.00",191.98,United States,New York Stock Exchange Inc.,USD,1.00,--
PM,PHILIP MORRIS INTERNATIONAL INC,Consumer Staples,Equity,"1,892,348,325.60",0.39,"1,892,348,325.60","16,716,858.00",113.20,United States,New York Stock Exchange Inc.,USD,1.00,--
INTU,INTUIT INC,Information Technology,Equity,"1,885,765,593.12",0.39,"1,885,765,593.12","3,010,866.00",626.32,United States,NASDAQ,USD,1.00,--
PFE,PFIZER INC,Health Care,Equity,"1,839,034,053.96",0.38,"1,839,034,053.96","60,935,522.00",30.18,United States,New York Stock Exchange Inc.,USD,1.00,--
NOW,SERVICENOW INC,Information Technology,Equity,"1,827,037,718.56",0.37,"1,827,037,718.56","2,204,464.00",828.79,United States,New York Stock Exchange Inc.,USD,1.00,--
CAT,CATERPILLAR INC,Industrials,Equity,"1,810,677,143.00",0.37,"1,810,677,143.00","5,259,010.00",344.30,United States,New York Stock Exchange Inc.,USD,1.00,--
VZ,VERIZON COMMUNICATIONS INC,Communication,Equity,"1,808,302,832.45",0.37,"1,808,302,832.45","45,264,151.00",39.95,United States,New York Stock Exchange Inc.,USD,1.00,--
AMAT,APPLIED MATERIAL INC,Information Technology,Equity,"1,807,706,742.48",0.37,"1,807,706,742.48","8,934,889.00",202.32,United States,NASDAQ,USD,1.00,--
DIS,WALT DISNEY,Communication,Equity,"1,748,880,422.85",0.36,"1,748,880,422.85","19,604,085.00",89.21,United States,New York Stock Exchange Inc.,USD,1.00,--
GS,GOLDMAN SACHS GROUP INC,Financials,Equity,"1,705,068,347.30",0.35,"1,705,068,347.30","3,467,630.00",491.71,United States,New York Stock Exchange Inc.,USD,1.00,--
ISRG,INTUITIVE SURGICAL INC,Health Care,Equity,"1,665,856,071.78",0.34,"1,665,856,071.78","3,814,297.00",436.74,United States,NASDAQ,USD,1.00,--
SPGI,S&P GLOBAL INC,Financials,Equity,"1,663,639,743.21",0.34,"1,663,639,743.21","3,442,037.00",483.33,United States,New York Stock Exchange Inc.,USD,1.00,--
NEE,NEXTERA ENERGY INC,Utilities,Equity,"1,622,545,244.64",0.33,"1,622,545,244.64","22,093,481.00",73.44,United States,New York Stock Exchange Inc.,USD,1.00,--
RTX,RTX CORP,Industrials,Equity,"1,622,252,789.85",0.33,"1,622,252,789.85","14,296,755.00",113.47,United States,New York Stock Exchange Inc.,USD,1.00,--
CMCSA,COMCAST CORP CLASS A,Communication,Equity,"1,609,558,578.08",0.33,"1,609,558,578.08","42,090,967.00",38.24,United States,NASDAQ,USD,1.00,--
UNP,UNION PACIFIC CORP,Industrials,Equity,"1,544,109,697.80",0.32,"1,544,109,697.80","6,560,908.00",235.35,United States,New York Stock Exchange Inc.,USD,1.00,--
T,AT&T INC,Communication,Equity,"1,479,629,962.61",0.30,"1,479,629,962.61","77,104,219.00",19.19,United States,New York Stock Exchange Inc.,USD,1.00,--
UBER,UBER TECHNOLOGIES INC,Industrials,Equity,"1,477,142,366.14",0.30,"1,477,142,366.14","22,469,461.00",65.74,United States,New York Stock Exchange Inc.,USD,1.00,--
AXP,AMERICAN EXPRESS,Financials,Equity,"1,467,645,349.08",0.30,"1,467,645,349.08","6,110,606.00",240.18,United States,New York Stock Exchange Inc.,USD,1.00,--
LOW,LOWES COMPANIES INC,Consumer Discretionary,Equity,"1,444,515,628.69",0.30,"1,444,515,628.69","6,152,897.00",234.77,United States,New York Stock Exchange Inc.,USD,1.00,--
INTC,INTEL CORPORATION CORP,Information Technology,Equity,"1,423,678,663.90",0.29,"1,423,678,663.90","45,777,449.00",31.10,United States,NASDAQ,USD,1.00,--
HON,HONEYWELL INTERNATIONAL INC,Industrials,Equity,"1,417,626,567.30",0.29,"1,417,626,567.30","7,002,354.00",202.45,United States,NASDAQ,USD,1.00,--
COP,CONOCOPHILLIPS,Energy,Equity,"1,396,375,567.83",0.29,"1,396,375,567.83","12,576,561.00",111.03,United States,New York Stock Exchange Inc.,USD,1.00,--
MS,MORGAN STANLEY,Financials,Equity,"1,393,579,269.48",0.29,"1,393,579,269.48","13,456,733.00",103.56,United States,New York Stock Exchange Inc.,USD,1.00,--
VRTX,VERTEX PHARMACEUTICALS INC,Health Care,Equity,"1,366,070,726.00",0.28,"1,366,070,726.00","2,775,100.00",492.26,United States,NASDAQ,USD,1.00,--
TJX,TJX INC,Consumer Discretionary,Equity,"1,355,086,117.20",0.28,"1,355,086,117.20","12,178,360.00",111.27,United States,New York Stock Exchange Inc.,USD,1.00,--
PGR,PROGRESSIVE CORP,Financials,Equity,"1,340,116,738.33",0.27,"1,340,116,738.33","6,298,429.00",212.77,United States,New York Stock Exchange Inc.,USD,1.00,--
BKNG,BOOKING HOLDINGS INC,Consumer Discretionary,Equity,"1,335,069,325.80",0.27,"1,335,069,325.80","364,785.00","3,659.88",United States,NASDAQ,USD,1.00,--
C,CITIGROUP INC,Financials,Equity,"1,320,330,211.49",0.27,"1,320,330,211.49","20,511,577.00",64.37,United States,New York Stock Exchange Inc.,USD,1.00,--
ELV,ELEVANCE HEALTH INC,Health Care,Equity,"1,284,666,860.18",0.26,"1,284,666,860.18","2,499,206.00",514.03,United States,New York Stock Exchange Inc.,USD,1.00,--
MU,MICRON TECHNOLOGY INC,Information Technology,Equity,"1,279,520,939.55",0.26,"1,279,520,939.55","11,908,059.00",107.45,United States,NASDAQ,USD,1.00,--
ETN,EATON PLC,Industrials,Equity,"1,259,168,733.20",0.26,"1,259,168,733.20","4,299,265.00",292.88,United States,New York Stock Exchange Inc.,USD,1.00,--
BLK,BLACKROCK INC,Financials,Equity,"1,256,525,743.54",0.26,"1,256,525,743.54","1,502,051.00",836.54,United States,New York Stock Exchange Inc.,USD,1.00,--
LRCX,LAM RESEARCH CORP,Information Technology,Equity,"1,243,055,921.72",0.25,"1,243,055,921.72","1,405,981.00",884.12,United States,NASDAQ,USD,1.00,--
REGN,REGENERON PHARMACEUTICALS INC,Health Care,Equity,"1,213,764,032.88",0.25,"1,213,764,032.88","1,140,552.00","1,064.19",United States,NASDAQ,USD,1.00,--
PLD,PROLOGIS REIT INC,Real Estate,Equity,"1,199,007,342.36",0.25,"1,199,007,342.36","9,956,052.00",120.43,United States,New York Stock Exchange Inc.,USD,1.00,--
LMT,LOCKHEED MARTIN CORP,Industrials,Equity,"1,197,303,855.00",0.24,"1,197,303,855.00","2,296,325.00",521.40,United States,New York Stock Exchange Inc.,USD,1.00,--
SYK,STRYKER CORP,Health Care,Equity,"1,193,842,965.60",0.24,"1,193,842,965.60","3,645,990.00",327.44,United States,New York Stock Exchange Inc.,USD,1.00,--
ADI,ANALOG DEVICES INC,Information Technology,Equity,"1,178,100,084.00",0.24,"1,178,100,084.00","5,332,700.00",220.92,United States,NASDAQ,USD,1.00,--
BSX,BOSTON SCIENTIFIC CORP,Health Care,Equity,"1,174,019,188.02",0.24,"1,174,019,188.02","15,809,577.00",74.26,United States,New York Stock Exchange Inc.,USD,1.00,--
MMC,MARSH & MCLENNAN INC,Financials,Equity,"1,144,778,569.74",0.23,"1,144,778,569.74","5,298,429.00",216.06,United States,New York Stock Exchange Inc.,USD,1.00,--
BA,BOEING,Industrials,Equity,"1,143,925,117.35",0.23,"1,143,925,117.35","6,205,181.00",184.35,United States,New York Stock Exchange Inc.,USD,1.00,--
CB,CHUBB LTD,Financials,Equity,"1,142,366,108.36",0.23,"1,142,366,108.36","4,366,676.00",261.61,United States,New York Stock Exchange Inc.,USD,1.00,--
MDT,MEDTRONIC PLC,Health Care,Equity,"1,120,303,428.22",0.23,"1,120,303,428.22","14,278,657.00",78.46,United States,New York Stock Exchange Inc.,USD,1.00,--
PANW,PALO ALTO NETWORKS INC,Information Technology,Equity,"1,112,248,147.32",0.23,"1,112,248,147.32","3,474,364.00",320.13,United States,NASDAQ,USD,1.00,--
KLAC,KLA CORP,Information Technology,Equity,"1,104,403,946.10",0.23,"1,104,403,946.10","1,447,810.00",762.81,United States,NASDAQ,USD,1.00,--
ADP,AUTOMATIC DATA PROCESSING INC,Industrials,Equity,"1,098,509,897.72",0.22,"1,098,509,897.72","4,401,434.00",249.58,United States,NASDAQ,USD,1.00,--
BX,BLACKSTONE INC,Financials,Equity,"1,076,031,576.84",0.22,"1,076,031,576.84","7,684,842.00",140.02,United States,New York Stock Exchange Inc.,USD,1.00,--
SCHW,CHARLES SCHWAB CORP,Financials,Equity,"1,063,410,733.44",0.22,"1,063,410,733.44","16,053,906.00",66.24,United States,New York Stock Exchange Inc.,USD,1.00,--
DE,DEERE,Industrials,Equity,"1,062,536,026.23",0.22,"1,062,536,026.23","2,783,767.00",381.69,United States,New York Stock Exchange Inc.,USD,1.00,--
AMT,AMERICAN TOWER REIT CORP,Real Estate,Equity,"1,054,142,039.04",0.22,"1,054,142,039.04","5,021,637.00",209.92,United States,New York Stock Exchange Inc.,USD,1.00,--
CI,CIGNA,Health Care,Equity,"1,042,133,762.05",0.21,"1,042,133,762.05","3,054,767.00",341.15,United States,New York Stock Exchange Inc.,USD,1.00,--
GILD,GILEAD SCIENCES INC,Health Care,Equity,"1,025,014,186.77",0.21,"1,025,014,186.77","13,397,127.00",76.51,United States,NASDAQ,USD,1.00,--
XTSLA,BLK CSH FND TREASURY SL AGENCY,Cash and/or Derivatives,Money Market,"1,012,098,359.39",0.21,"1,012,098,359.39","1,012,098,359.00",1.00,United States,--,USD,1.00,--
UPS,UNITED PARCEL SERVICE INC CLASS B,Industrials,Equity,"996,759,096.48",0.20,"996,759,096.48","7,843,556.00",127.08,United States,New York Stock Exchange Inc.,USD,1.00,--
BMY,BRISTOL MYERS SQUIBB,Health Care,Equity,"986,807,863.98",0.20,"986,807,863.98","21,798,274.00",45.27,United States,New York Stock Exchange Inc.,USD,1.00,--
FI,FISERV INC,Financials,Equity,"981,587,150.22",0.20,"981,587,150.22","6,291,822.00",156.01,United States,New York Stock Exchange Inc.,USD,1.00,--
TMUS,T MOBILE US INC,Communication,Equity,"971,100,684.54",0.20,"971,100,684.54","5,544,711.00",175.14,United States,NASDAQ,USD,1.00,--
SO,SOUTHERN,Utilities,Equity,"960,176,653.50",0.20,"960,176,653.50","11,758,225.00",81.66,United States,New York Stock Exchange Inc.,USD,1.00,--
MDLZ,MONDELEZ INTERNATIONAL INC CLASS A,Consumer Staples,Equity,"957,622,571.61",0.20,"957,622,571.61","14,424,199.00",66.39,United States,NASDAQ,USD,1.00,--
NKE,NIKE INC CLASS B,Consumer Discretionary,Equity,"930,290,061.68",0.19,"930,290,061.68","13,027,448.00",71.41,United States,New York Stock Exchange Inc.,USD,1.00,--
MO,ALTRIA GROUP INC,Consumer Staples,Equity,"919,826,119.20",0.19,"919,826,119.20","18,470,404.00",49.80,United States,New York Stock Exchange Inc.,USD,1.00,--
ICE,INTERCONTINENTAL EXCHANGE INC,Financials,Equity,"919,206,458.87",0.19,"919,206,458.87","6,167,929.00",149.03,United States,New York Stock Exchange Inc.,USD,1.00,--
SBUX,STARBUCKS CORP,Consumer Discretionary,Equity,"893,070,080.76",0.18,"893,070,080.76","12,180,443.00",73.32,United States,NASDAQ,USD,1.00,--
DUK,DUKE ENERGY CORP,Utilities,Equity,"892,652,809.40",0.18,"892,652,809.40","8,299,115.00",107.56,United States,New York Stock Exchange Inc.,USD,1.00,--
ZTS,ZOETIS INC CLASS A,Health Care,Equity,"886,971,063.24",0.18,"886,971,063.24","4,906,899.00",180.76,United States,New York Stock Exchange Inc.,USD,1.00,--
SNPS,SYNOPSYS INC,Information Technology,Equity,"883,741,069.12",0.18,"883,741,069.12","1,640,446.00",538.72,United States,NASDAQ,USD,1.00,--
SHW,SHERWIN WILLIAMS,Materials,Equity,"859,751,979.58",0.18,"859,751,979.58","2,508,467.00",342.74,United States,New York Stock Exchange Inc.,USD,1.00,--
ANET,ARISTA NETWORKS INC,Information Technology,Equity,"857,382,687.00",0.18,"857,382,687.00","2,729,475.00",314.12,United States,New York Stock Exchange Inc.,USD,1.00,--
CL,COLGATE-PALMOLIVE,Consumer Staples,Equity,"851,284,858.31",0.17,"851,284,858.31","8,822,519.00",96.49,United States,New York Stock Exchange Inc.,USD,1.00,--
KKR,KKR AND CO INC,Financials,Equity,"835,290,202.12",0.17,"835,290,202.12","7,156,972.00",116.71,United States,New York Stock Exchange Inc.,USD,1.00,--
MCK,MCKESSON CORP,Health Care,Equity,"832,647,650.89",0.17,"832,647,650.89","1,397,693.00",595.73,United States,New York Stock Exchange Inc.,USD,1.00,--
APH,AMPHENOL CORP CLASS A,Information Technology,Equity,"797,767,074.88",0.16,"797,767,074.88","12,917,213.00",61.76,United States,New York Stock Exchange Inc.,USD,1.00,--
CVS,CVS HEALTH CORP,Health Care,Equity,"791,751,715.95",0.16,"791,751,715.95","13,499,603.00",58.65,United States,New York Stock Exchange Inc.,USD,1.00,--
EOG,EOG RESOURCES INC,Energy,Equity,"785,124,858.56",0.16,"785,124,858.56","6,180,139.00",127.04,United States,New York Stock Exchange Inc.,USD,1.00,--
EQIX,EQUINIX REIT INC,Real Estate,Equity,"785,021,618.13",0.16,"785,021,618.13","1,020,423.00",769.31,United States,NASDAQ,USD,1.00,--
WM,WASTE MANAGEMENT INC,Industrials,Equity,"784,646,215.92",0.16,"784,646,215.92","3,924,801.00",199.92,United States,New York Stock Exchange Inc.,USD,1.00,--
TT,TRANE TECHNOLOGIES PLC,Industrials,Equity,"784,336,001.86",0.16,"784,336,001.86","2,434,163.00",322.22,United States,New York Stock Exchange Inc.,USD,1.00,--
CME,CME GROUP INC CLASS A,Financials,Equity,"771,966,462.30",0.16,"771,966,462.30","3,871,835.00",199.38,United States,NASDAQ,USD,1.00,--
PNC,PNC FINANCIAL SERVICES GROUP INC,Financials,Equity,"770,190,840.00",0.16,"770,190,840.00","4,278,838.00",180.00,United States,New York Stock Exchange Inc.,USD,1.00,--
USB,US BANCORP,Financials,Equity,"756,632,068.65",0.15,"756,632,068.65","16,780,485.00",45.09,United States,New York Stock Exchange Inc.,USD,1.00,--
CDNS,CADENCE DESIGN SYSTEMS INC,Information Technology,Equity,"756,124,007.14",0.15,"756,124,007.14","2,926,403.00",258.38,United States,NASDAQ,USD,1.00,--
PH,PARKER-HANNIFIN CORP,Industrials,Equity,"753,430,169.43",0.15,"753,430,169.43","1,382,111.00",545.13,United States,New York Stock Exchange Inc.,USD,1.00,--
CMG,CHIPOTLE MEXICAN GRILL INC,Consumer Discretionary,Equity,"750,469,053.18",0.15,"750,469,053.18","14,767,199.00",50.82,United States,New York Stock Exchange Inc.,USD,1.00,--
SLB,SCHLUMBERGER NV,Energy,Equity,"741,318,105.71",0.15,"741,318,105.71","15,370,477.00",48.23,United States,New York Stock Exchange Inc.,USD,1.00,--
TDG,TRANSDIGM GROUP INC,Industrials,Equity,"739,080,121.42",0.15,"739,080,121.42","601,651.00","1,228.42",United States,New York Stock Exchange Inc.,USD,1.00,--
MCO,MOODYS CORP,Financials,Equity,"738,248,322.24",0.15,"738,248,322.24","1,688,544.00",437.21,United States,New York Stock Exchange Inc.,USD,1.00,--
HCA,HCA HEALTHCARE INC,Health Care,Equity,"735,247,875.05",0.15,"735,247,875.05","2,084,095.00",352.79,United States,New York Stock Exchange Inc.,USD,1.00,--
TGT,TARGET CORP,Consumer Staples,Equity,"727,764,516.03",0.15,"727,764,516.03","4,974,807.00",146.29,United States,New York Stock Exchange Inc.,USD,1.00,--
FDX,FEDEX CORP,Industrials,Equity,"726,950,797.08",0.15,"726,950,797.08","2,434,612.00",298.59,United States,New York Stock Exchange Inc.,USD,1.00,--
BDX,BECTON DICKINSON,Health Care,Equity,"723,439,037.94",0.15,"723,439,037.94","3,107,823.00",232.78,United States,New York Stock Exchange Inc.,USD,1.00,--
ITW,ILLINOIS TOOL INC,Industrials,Equity,"712,024,075.78",0.15,"712,024,075.78","2,920,166.00",243.83,United States,New York Stock Exchange Inc.,USD,1.00,--
GD,GENERAL DYNAMICS CORP,Industrials,Equity,"711,381,211.46",0.15,"711,381,211.46","2,444,777.00",290.98,United States,New York Stock Exchange Inc.,USD,1.00,--
CSX,CSX CORP,Industrials,Equity,"706,344,172.80",0.14,"706,344,172.80","21,022,148.00",33.60,United States,NASDAQ,USD,1.00,--
EMR,EMERSON ELECTRIC,Industrials,Equity,"704,948,971.16",0.14,"704,948,971.16","6,151,924.00",114.59,United States,New York Stock Exchange Inc.,USD,1.00,--
NOC,NORTHROP GRUMMAN CORP,Industrials,Equity,"703,967,543.73",0.14,"703,967,543.73","1,495,989.00",470.57,United States,New York Stock Exchange Inc.,USD,1.00,--
CTAS,CINTAS CORP,Industrials,Equity,"699,977,473.96",0.14,"699,977,473.96","927,319.00",754.84,United States,NASDAQ,USD,1.00,--
AON,AON PLC CLASS A,Financials,Equity,"698,950,780.05",0.14,"698,950,780.05","2,338,019.00",298.95,United States,New York Stock Exchange Inc.,USD,1.00,--
WELL,WELLTOWER INC,Real Estate,Equity,"697,561,624.68",0.14,"697,561,624.68","6,429,732.00",108.49,United States,New York Stock Exchange Inc.,USD,1.00,--
ORLY,OREILLY AUTOMOTIVE INC,Consumer Discretionary,Equity,"692,140,995.91",0.14,"692,140,995.91","633,301.00","1,092.91",United States,NASDAQ,USD,1.00,"Jan 01, 1970"
MSI,MOTOROLA SOLUTIONS INC,Information Technology,Equity,"691,648,620.30",0.14,"691,648,620.30","1,793,462.00",385.65,United States,New York Stock Exchange Inc.,USD,1.00,--
FCX,FREEPORT MCMORAN INC,Materials,Equity,"687,868,580.71",0.14,"687,868,580.71","15,447,307.00",44.53,United States,New York Stock Exchange Inc.,USD,1.00,--
NXPI,NXP SEMICONDUCTORS NV,Information Technology,Equity,"680,514,884.44",0.14,"680,514,884.44","2,749,444.00",247.51,United States,NASDAQ,USD,1.00,--
ECL,ECOLAB INC,Materials,Equity,"665,922,292.68",0.14,"665,922,292.68","2,732,998.00",243.66,United States,New York Stock Exchange Inc.,USD,1.00,--
ABNB,AIRBNB INC CLASS A,Consumer Discretionary,Equity,"664,826,172.23",0.14,"664,826,172.23","4,747,741.00",140.03,United States,NASDAQ,USD,1.00,--
MPC,MARATHON PETROLEUM CORP,Energy,Equity,"649,791,891.00",0.13,"649,791,891.00","3,788,874.00",171.50,United States,New York Stock Exchange Inc.,USD,1.00,--
PSX,PHILLIPS,Energy,Equity,"649,684,278.68",0.13,"649,684,278.68","4,558,868.00",142.51,United States,New York Stock Exchange Inc.,USD,1.00,--
AJG,ARTHUR J GALLAGHER,Financials,Equity,"643,727,035.22",0.13,"643,727,035.22","2,349,626.00",273.97,United States,New York Stock Exchange Inc.,USD,1.00,--
PYPL,PAYPAL HOLDINGS INC,Financials,Equity,"643,637,911.16",0.13,"643,637,911.16","11,248,478.00",57.22,United States,NASDAQ,USD,1.00,--
TFC,TRUIST FINANCIAL CORP,Financials,Equity,"634,846,783.16",0.13,"634,846,783.16","14,389,093.00",44.12,United States,New York Stock Exchange Inc.,USD,1.00,--
CRWD,CROWDSTRIKE HOLDINGS INC CLASS A,Information Technology,Equity,"630,398,997.15",0.13,"630,398,997.15","2,480,421.00",254.15,United States,NASDAQ,USD,1.00,--
ROP,ROPER TECHNOLOGIES INC,Information Technology,Equity,"622,670,945.33",0.13,"622,670,945.33","1,151,197.00",540.89,United States,NASDAQ,USD,1.00,--
APD,AIR PRODUCTS AND CHEMICALS INC,Materials,Equity,"618,271,678.08",0.13,"618,271,678.08","2,390,472.00",258.64,United States,New York Stock Exchange Inc.,USD,1.00,--
MMM,3M,Industrials,Equity,"615,218,162.79",0.13,"615,218,162.79","5,950,461.00",103.39,United States,New York Stock Exchange Inc.,USD,1.00,--
COF,CAPITAL ONE FINANCIAL CORP,Financials,Equity,"608,473,080.54",0.12,"608,473,080.54","4,108,806.00",148.09,United States,New York Stock Exchange Inc.,USD,1.00,--
MAR,MARRIOTT INTERNATIONAL INC CLASS A,Consumer Discretionary,Equity,"603,091,128.75",0.12,"603,091,128.75","2,580,069.00",233.75,United States,NASDAQ,USD,1.00,--
CARR,CARRIER GLOBAL CORP,Industrials,Equity,"584,175,739.38",0.12,"584,175,739.38","9,010,886.00",64.83,United States,New York Stock Exchange Inc.,USD,1.00,--
CEG,CONSTELLATION ENERGY CORP,Utilities,Equity,"577,757,018.28",0.12,"577,757,018.28","3,389,996.00",170.43,United States,NASDAQ,USD,1.00,--
HLT,HILTON WORLDWIDE HOLDINGS INC,Consumer Discretionary,Equity,"573,225,031.50",0.12,"573,225,031.50","2,688,925.00",213.18,United States,New York Stock Exchange Inc.,USD,1.00,--
NEM,NEWMONT,Materials,Equity,"566,688,820.10",0.12,"566,688,820.10","12,400,193.00",45.70,United States,New York Stock Exchange Inc.,USD,1.00,--
AZO,AUTOZONE INC,Consumer Discretionary,Equity,"563,687,676.72",0.12,"563,687,676.72","185,976.00","3,030.97",United States,New York Stock Exchange Inc.,USD,1.00,--
ADSK,AUTODESK INC,Information Technology,Equity,"557,186,650.74",0.11,"557,186,650.74","2,300,238.00",242.23,United States,NASDAQ,USD,1.00,--
VLO,VALERO ENERGY CORP,Energy,Equity,"552,085,476.00",0.11,"552,085,476.00","3,516,468.00",157.00,United States,New York Stock Exchange Inc.,USD,1.00,--
DHI,D R HORTON INC,Consumer Discretionary,Equity,"550,396,454.30",0.11,"550,396,454.30","3,187,009.00",172.70,United States,New York Stock Exchange Inc.,USD,1.00,--
PCAR,PACCAR INC,Industrials,Equity,"550,113,225.60",0.11,"550,113,225.60","5,636,406.00",97.60,United States,NASDAQ,USD,1.00,--
WMB,WILLIAMS INC,Energy,Equity,"548,082,799.56",0.11,"548,082,799.56","13,105,758.00",41.82,United States,New York Stock Exchange Inc.,USD,1.00,--
AEP,AMERICAN ELECTRIC POWER INC,Utilities,Equity,"543,268,081.60",0.11,"543,268,081.60","5,668,490.00",95.84,United States,NASDAQ,USD,1.00,--
NSC,NORFOLK SOUTHERN CORP,Industrials,Equity,"541,474,475.40",0.11,"541,474,475.40","2,429,226.00",222.90,United States,New York Stock Exchange Inc.,USD,1.00,--
GM,GENERAL MOTORS,Consumer Discretionary,Equity,"541,442,929.23",0.11,"541,442,929.23","12,269,271.00",44.13,United States,New York Stock Exchange Inc.,USD,1.00,--
URI,UNITED RENTALS INC,Industrials,Equity,"540,191,960.88",0.11,"540,191,960.88","716,188.00",754.26,United States,New York Stock Exchange Inc.,USD,1.00,--
O,REALTY INCOME REIT CORP,Real Estate,Equity,"537,106,879.68",0.11,"537,106,879.68","9,363,788.00",57.36,United States,New York Stock Exchange Inc.,USD,1.00,--
AIG,AMERICAN INTERNATIONAL GROUP INC,Financials,Equity,"537,040,813.75",0.11,"537,040,813.75","7,136,755.00",75.25,United States,New York Stock Exchange Inc.,USD,1.00,--
SRE,SEMPRA,Utilities,Equity,"531,298,827.12",0.11,"531,298,827.12","6,805,416.00",78.07,United States,New York Stock Exchange Inc.,USD,1.00,--
AFL,AFLAC INC,Financials,Equity,"523,355,860.04",0.11,"523,355,860.04","5,560,517.00",94.12,United States,New York Stock Exchange Inc.,USD,1.00,--
SPG,SIMON PROPERTY GROUP REIT INC,Real Estate,Equity,"523,109,973.96",0.11,"523,109,973.96","3,503,516.00",149.31,United States,New York Stock Exchange Inc.,USD,1.00,--
BK,BANK OF NEW YORK MELLON CORP,Financials,Equity,"521,177,068.15",0.11,"521,177,068.15","8,041,615.00",64.81,United States,New York Stock Exchange Inc.,USD,1.00,--
TRV,TRAVELERS COMPANIES INC,Financials,Equity,"515,205,232.01",0.11,"515,205,232.01","2,462,387.00",209.23,United States,New York Stock Exchange Inc.,USD,1.00,--
DLR,DIGITAL REALTY TRUST REIT INC,Real Estate,Equity,"514,246,288.67",0.11,"514,246,288.67","3,489,491.00",147.37,United States,New York Stock Exchange Inc.,USD,1.00,--
OKE,ONEOK INC,Energy,Equity,"510,877,307.60",0.10,"510,877,307.60","6,276,134.00",81.40,United States,New York Stock Exchange Inc.,USD,1.00,--
KMB,KIMBERLY CLARK CORP,Consumer Staples,Equity,"510,778,779.29",0.10,"510,778,779.29","3,620,747.00",141.07,United States,New York Stock Exchange Inc.,USD,1.00,--
TEL,TE CONNECTIVITY LTD,Information Technology,Equity,"508,891,411.22",0.10,"508,891,411.22","3,292,943.00",154.54,United States,New York Stock Exchange Inc.,USD,1.00,--
ROST,ROSS STORES INC,Consumer Discretionary,Equity,"508,822,481.27",0.10,"508,822,481.27","3,605,857.00",141.11,United States,NASDAQ,USD,1.00,--
PSA,PUBLIC STORAGE REIT,Real Estate,Equity,"501,645,353.68",0.10,"501,645,353.68","1,700,954.00",294.92,United States,New York Stock Exchange Inc.,USD,1.00,--
HUM,HUMANA INC,Health Care,Equity,"500,733,441.60",0.10,"500,733,441.60","1,295,894.00",386.40,United States,New York Stock Exchange Inc.,USD,1.00,--
LHX,L3HARRIS TECHNOLOGIES INC,Industrials,Equity,"496,211,685.39",0.10,"496,211,685.39","2,039,757.00",243.27,United States,New York Stock Exchange Inc.,USD,1.00,--
MCHP,MICROCHIP TECHNOLOGY INC,Information Technology,Equity,"494,124,465.34",0.10,"494,124,465.34","5,811,178.00",85.03,United States,NASDAQ,USD,1.00,--
CCI,CROWN CASTLE INC,Real Estate,Equity,"493,116,468.33",0.10,"493,116,468.33","4,672,761.00",105.53,United States,New York Stock Exchange Inc.,USD,1.00,--
MET,METLIFE INC,Financials,Equity,"483,808,303.72",0.10,"483,808,303.72","6,423,371.00",75.32,United States,New York Stock Exchange Inc.,USD,1.00,--
JCI,JOHNSON CONTROLS INTERNATIONAL PLC,Industrials,Equity,"483,345,634.08",0.10,"483,345,634.08","7,244,389.00",66.72,United States,New York Stock Exchange Inc.,USD,1.00,--
PRU,PRUDENTIAL FINANCIAL INC,Financials,Equity,"475,202,361.81",0.10,"475,202,361.81","3,860,609.00",123.09,United States,New York Stock Exchange Inc.,USD,1.00,--
CPRT,COPART INC,Industrials,Equity,"474,478,017.78",0.10,"474,478,017.78","9,408,646.00",50.43,United States,NASDAQ,USD,1.00,--
AMP,AMERIPRISE FINANCE INC,Financials,Equity,"471,728,293.52",0.10,"471,728,293.52","1,068,056.00",441.67,United States,New York Stock Exchange Inc.,USD,1.00,--
GEV,GE VERNOVA INC,Industrials,Equity,"471,575,040.00",0.10,"471,575,040.00","2,947,344.00",160.00,United States,New York Stock Exchange Inc.,USD,1.00,--
D,DOMINION ENERGY INC,Utilities,Equity,"471,418,549.70",0.10,"471,418,549.70","9,013,739.00",52.30,United States,New York Stock Exchange Inc.,USD,1.00,--
F,FORD MOTOR CO,Consumer Discretionary,Equity,"470,613,852.00",0.10,"470,613,852.00","42,169,700.00",11.16,United States,New York Stock Exchange Inc.,USD,1.00,--
ALL,ALLSTATE CORP,Financials,Equity,"469,403,049.80",0.10,"469,403,049.80","2,837,987.00",165.40,United States,New York Stock Exchange Inc.,USD,1.00,--
DXCM,DEXCOM INC,Health Care,Equity,"461,230,231.50",0.09,"461,230,231.50","4,276,590.00",107.85,United States,NASDAQ,USD,1.00,--
MSCI,MSCI INC,Financials,Equity,"458,495,178.69",0.09,"458,495,178.69","851,889.00",538.21,United States,New York Stock Exchange Inc.,USD,1.00,--
IQV,IQVIA HOLDINGS INC,Health Care,Equity,"455,091,418.08",0.09,"455,091,418.08","1,959,152.00",232.29,United States,New York Stock Exchange Inc.,USD,1.00,--
LEN,LENNAR A CORP,Consumer Discretionary,Equity,"451,020,662.08",0.09,"451,020,662.08","2,633,236.00",171.28,United States,New York Stock Exchange Inc.,USD,1.00,--
GWW,WW GRAINGER INC,Industrials,Equity,"448,665,183.75",0.09,"448,665,183.75","470,225.00",954.15,United States,New York Stock Exchange Inc.,USD,1.00,--
FIS,FIDELITY NATIONAL INFORMATION SERV,Financials,Equity,"445,690,878.75",0.09,"445,690,878.75","5,981,625.00",74.51,United States,New York Stock Exchange Inc.,USD,1.00,--
HES,HESS CORP,Energy,Equity,"445,342,361.85",0.09,"445,342,361.85","2,971,921.00",149.85,United States,New York Stock Exchange Inc.,USD,1.00,--
KMI,KINDER MORGAN INC,Energy,Equity,"437,975,579.37",0.09,"437,975,579.37","20,786,691.00",21.07,United States,New York Stock Exchange Inc.,USD,1.00,--
OXY,OCCIDENTAL PETROLEUM CORP,Energy,Equity,"432,844,400.71",0.09,"432,844,400.71","7,150,907.00",60.53,United States,New York Stock Exchange Inc.,USD,1.00,--
STZ,CONSTELLATION BRANDS INC CLASS A,Consumer Staples,Equity,"431,764,811.14",0.09,"431,764,811.14","1,731,353.00",249.38,United States,New York Stock Exchange Inc.,USD,1.00,--
MRNA,MODERNA INC,Health Care,Equity,"431,668,073.20",0.09,"431,668,073.20","3,585,283.00",120.40,United States,NASDAQ,USD,1.00,--
PAYX,PAYCHEX INC,Industrials,Equity,"427,131,804.66",0.09,"427,131,804.66","3,445,167.00",123.98,United States,NASDAQ,USD,1.00,--
A,AGILENT TECHNOLOGIES INC,Health Care,Equity,"425,354,105.24",0.09,"425,354,105.24","3,151,238.00",134.98,United States,New York Stock Exchange Inc.,USD,1.00,--
FAST,FASTENAL,Industrials,Equity,"425,199,381.36",0.09,"425,199,381.36","6,156,956.00",69.06,United States,NASDAQ,USD,1.00,--
VRSK,VERISK ANALYTICS INC,Industrials,Equity,"423,308,127.90",0.09,"423,308,127.90","1,534,281.00",275.90,United States,NASDAQ,USD,1.00,--
IR,INGERSOLL RAND INC,Industrials,Equity,"420,552,087.68",0.09,"420,552,087.68","4,338,272.00",96.94,United States,New York Stock Exchange Inc.,USD,1.00,--
AME,AMETEK INC,Industrials,Equity,"419,477,456.20",0.09,"419,477,456.20","2,489,185.00",168.52,United States,New York Stock Exchange Inc.,USD,1.00,--
FICO,FAIR ISAAC CORP,Information Technology,Equity,"419,179,532.60",0.09,"419,179,532.60","265,820.00","1,576.93",United States,New York Stock Exchange Inc.,USD,1.00,--
IDXX,IDEXX LABORATORIES INC,Health Care,Equity,"417,988,315.36",0.09,"417,988,315.36","888,052.00",470.68,United States,NASDAQ,USD,1.00,--
RSG,REPUBLIC SERVICES INC,Industrials,Equity,"416,804,366.36",0.09,"416,804,366.36","2,201,354.00",189.34,United States,New York Stock Exchange Inc.,USD,1.00,--
CMI,CUMMINS INC,Industrials,Equity,"416,469,162.63",0.09,"416,469,162.63","1,470,739.00",283.17,United States,New York Stock Exchange Inc.,USD,1.00,--
CTVA,CORTEVA INC,Materials,Equity,"414,322,826.08",0.08,"414,322,826.08","7,494,986.00",55.28,United States,New York Stock Exchange Inc.,USD,1.00,--
PCG,PG&E CORP,Utilities,Equity,"414,110,267.84",0.08,"414,110,267.84","22,980,592.00",18.02,United States,New York Stock Exchange Inc.,USD,1.00,--
MPWR,MONOLITHIC POWER SYSTEMS INC,Information Technology,Equity,"413,436,819.60",0.08,"413,436,819.60","523,404.00",789.90,United States,NASDAQ,USD,1.00,--
NUE,NUCOR CORP,Materials,Equity,"404,856,128.46",0.08,"404,856,128.46","2,578,373.00",157.02,United States,New York Stock Exchange Inc.,USD,1.00,--
OTIS,OTIS WORLDWIDE CORP,Industrials,Equity,"404,494,160.91",0.08,"404,494,160.91","4,347,997.00",93.03,United States,New York Stock Exchange Inc.,USD,1.00,--
COR,CENCORA INC,Health Care,Equity,"404,057,760.08",0.08,"404,057,760.08","1,779,128.00",227.11,United States,New York Stock Exchange Inc.,USD,1.00,--
DOW,DOW INC,Materials,Equity,"399,639,174.55",0.08,"399,639,174.55","7,561,763.00",52.85,United States,New York Stock Exchange Inc.,USD,1.00,--
GIS,GENERAL MILLS INC,Consumer Staples,Equity,"399,645,767.08",0.08,"399,645,767.08","6,070,876.00",65.83,United States,New York Stock Exchange Inc.,USD,1.00,--
PEG,PUBLIC SERVICE ENTERPRISE GROUP IN,Utilities,Equity,"397,629,217.28",0.08,"397,629,217.28","5,355,997.00",74.24,United States,New York Stock Exchange Inc.,USD,1.00,--
ODFL,OLD DOMINION FREIGHT LINE INC,Industrials,Equity,"394,116,468.90",0.08,"394,116,468.90","1,915,977.00",205.70,United States,NASDAQ,USD,1.00,--
EXC,EXELON CORP,Utilities,Equity,"392,295,377.28",0.08,"392,295,377.28","10,753,711.00",36.48,United States,NASDAQ,USD,1.00,--
CTSH,COGNIZANT TECHNOLOGY SOLUTIONS COR,Information Technology,Equity,"391,881,562.82",0.08,"391,881,562.82","5,352,842.00",73.21,United States,NASDAQ,USD,1.00,--
PWR,QUANTA SERVICES INC,Industrials,Equity,"391,663,017.45",0.08,"391,663,017.45","1,574,145.00",248.81,United States,New York Stock Exchange Inc.,USD,1.00,--
FTNT,FORTINET INC,Information Technology,Equity,"390,759,008.09",0.08,"390,759,008.09","6,818,339.00",57.31,United States,NASDAQ,USD,1.00,--
CNC,CENTENE CORP,Health Care,Equity,"387,238,140.20",0.08,"387,238,140.20","5,745,373.00",67.40,United States,New York Stock Exchange Inc.,USD,1.00,--
RCL,ROYAL CARIBBEAN GROUP LTD,Consumer Discretionary,Equity,"387,048,544.74",0.08,"387,048,544.74","2,546,037.00",152.02,United States,New York Stock Exchange Inc.,USD,1.00,--
EW,EDWARDS LIFESCIENCES CORP,Health Care,Equity,"386,865,910.20",0.08,"386,865,910.20","6,480,166.00",59.70,United States,New York Stock Exchange Inc.,USD,1.00,--
SYY,SYSCO CORP,Consumer Staples,Equity,"386,197,623.72",0.08,"386,197,623.72","5,354,931.00",72.12,United States,New York Stock Exchange Inc.,USD,1.00,--
IT,GARTNER INC,Information Technology,Equity,"385,637,836.68",0.08,"385,637,836.68","834,732.00",461.99,United States,New York Stock Exchange Inc.,USD,1.00,--
YUM,YUM BRANDS INC,Consumer Discretionary,Equity,"385,031,765.98",0.08,"385,031,765.98","3,028,646.00",127.13,United States,New York Stock Exchange Inc.,USD,1.00,--
KR,KROGER,Consumer Staples,Equity,"383,732,523.54",0.08,"383,732,523.54","7,198,134.00",53.31,United States,New York Stock Exchange Inc.,USD,1.00,--
FANG,DIAMONDBACK ENERGY INC,Energy,Equity,"383,172,044.40",0.08,"383,172,044.40","1,917,778.00",199.80,United States,NASDAQ,USD,1.00,--
MNST,MONSTER BEVERAGE CORP,Consumer Staples,Equity,"381,984,494.10",0.08,"381,984,494.10","7,624,441.00",50.10,United States,NASDAQ,USD,1.00,--
BKR,BAKER HUGHES CLASS A,Energy,Equity,"381,843,741.66",0.08,"381,843,741.66","10,731,977.00",35.58,United States,NASDAQ,USD,1.00,--
DFS,DISCOVER FINANCIAL SERVICES,Financials,Equity,"381,633,327.40",0.08,"381,633,327.40","2,694,770.00",141.62,United States,New York Stock Exchange Inc.,USD,1.00,--
ACGL,ARCH CAPITAL GROUP LTD,Financials,Equity,"379,901,955.44",0.08,"379,901,955.44","4,021,616.00",94.47,United States,NASDAQ,USD,1.00,--
SMCI,SUPER MICRO COMPUTER INC,Information Technology,Equity,"376,546,909.59",0.08,"376,546,909.59","541,319.00",695.61,United States,NASDAQ,USD,1.00,--
KVUE,KENVUE INC,Consumer Staples,Equity,"375,637,833.75",0.08,"375,637,833.75","20,582,895.00",18.25,United States,New York Stock Exchange Inc.,USD,1.00,--
KDP,KEURIG DR PEPPER INC,Consumer Staples,Equity,"372,760,464.24",0.08,"372,760,464.24","11,224,344.00",33.21,United States,NASDAQ,USD,1.00,--
EA,ELECTRONIC ARTS INC,Communication,Equity,"370,882,154.00",0.08,"370,882,154.00","2,615,530.00",141.80,United States,NASDAQ,USD,1.00,--
EXR,EXTRA SPACE STORAGE REIT INC,Real Estate,Equity,"365,855,938.89",0.07,"365,855,938.89","2,276,781.00",160.69,United States,New York Stock Exchange Inc.,USD,1.00,--
GEHC,GE HEALTHCARE TECHNOLOGIES INC,Health Care,Equity,"364,842,712.08",0.07,"364,842,712.08","4,565,099.00",79.92,United States,NASDAQ,USD,1.00,--
MLM,MARTIN MARIETTA MATERIALS INC,Materials,Equity,"362,655,791.68",0.07,"362,655,791.68","662,942.00",547.04,United States,New York Stock Exchange Inc.,USD,1.00,--
VMC,VULCAN MATERIALS,Materials,Equity,"360,926,920.20",0.07,"360,926,920.20","1,422,260.00",253.77,United States,New York Stock Exchange Inc.,USD,1.00,--
XYL,XYLEM INC,Industrials,Equity,"357,506,412.06",0.07,"357,506,412.06","2,607,062.00",137.13,United States,New York Stock Exchange Inc.,USD,1.00,--
ED,CONSOLIDATED EDISON INC,Utilities,Equity,"356,725,328.96",0.07,"356,725,328.96","3,718,988.00",95.92,United States,New York Stock Exchange Inc.,USD,1.00,--
BIIB,BIOGEN INC,Health Care,Equity,"356,121,685.52",0.07,"356,121,685.52","1,565,783.00",227.44,United States,NASDAQ,USD,1.00,--
EFX,EQUIFAX INC,Industrials,Equity,"355,649,833.99",0.07,"355,649,833.99","1,329,383.00",267.53,United States,New York Stock Exchange Inc.,USD,1.00,--
DD,DUPONT DE NEMOURS INC,Materials,Equity,"355,329,074.87",0.07,"355,329,074.87","4,496,129.00",79.03,United States,New York Stock Exchange Inc.,USD,1.00,--
GLW,CORNING INC,Information Technology,Equity,"354,917,674.92",0.07,"354,917,674.92","8,290,532.00",42.81,United States,New York Stock Exchange Inc.,USD,1.00,--
CBRE,CBRE GROUP INC CLASS A,Real Estate,Equity,"348,410,852.49",0.07,"348,410,852.49","3,243,143.00",107.43,United States,New York Stock Exchange Inc.,USD,1.00,--
HWM,HOWMET AEROSPACE INC,Industrials,Equity,"343,356,976.60",0.07,"343,356,976.60","4,169,990.00",82.34,United States,New York Stock Exchange Inc.,USD,1.00,--
VICI,VICI PPTYS INC,Real Estate,Equity,"341,921,470.08",0.07,"341,921,470.08","11,217,896.00",30.48,United States,New York Stock Exchange Inc.,USD,1.00,--
CSGP,COSTAR GROUP INC,Real Estate,Equity,"341,697,984.32",0.07,"341,697,984.32","4,389,748.00",77.84,United States,NASDAQ,USD,1.00,--
XEL,XCEL ENERGY INC,Utilities,Equity,"339,807,121.72",0.07,"339,807,121.72","5,975,156.00",56.87,United States,NASDAQ,USD,1.00,--
ADM,ARCHER DANIELS MIDLAND,Consumer Staples,Equity,"336,663,195.28",0.07,"336,663,195.28","5,316,854.00",63.32,United States,New York Stock Exchange Inc.,USD,1.00,--
HPQ,HP INC,Information Technology,Equity,"336,430,812.50",0.07,"336,430,812.50","9,280,850.00",36.25,United States,New York Stock Exchange Inc.,USD,1.00,--
ROK,ROCKWELL AUTOMATION INC,Industrials,Equity,"332,239,767.00",0.07,"332,239,767.00","1,225,977.00",271.00,United States,New York Stock Exchange Inc.,USD,1.00,--
CHTR,CHARTER COMMUNICATIONS INC CLASS A,Communication,Equity,"331,972,810.99",0.07,"331,972,810.99","1,053,113.00",315.23,United States,NASDAQ,USD,1.00,--
CDW,CDW CORP,Information Technology,Equity,"330,413,512.24",0.07,"330,413,512.24","1,445,252.00",228.62,United States,NASDAQ,USD,1.00,--
RMD,RESMED INC,Health Care,Equity,"329,273,036.40",0.07,"329,273,036.40","1,580,460.00",208.34,United States,New York Stock Exchange Inc.,USD,1.00,--
HIG,HARTFORD FINANCIAL SERVICES GROUP,Financials,Equity,"325,449,718.02",0.07,"325,449,718.02","3,180,394.00",102.33,United States,New York Stock Exchange Inc.,USD,1.00,--
HAL,HALLIBURTON,Energy,Equity,"325,207,060.08",0.07,"325,207,060.08","9,520,113.00",34.16,United States,New York Stock Exchange Inc.,USD,1.00,--
MTD,METTLER TOLEDO INC,Health Care,Equity,"324,178,661.00",0.07,"324,178,661.00","229,751.00","1,411.00",United States,New York Stock Exchange Inc.,USD,1.00,--
PPG,PPG INDUSTRIES INC,Materials,Equity,"319,172,260.80",0.07,"319,172,260.80","2,534,320.00",125.94,United States,New York Stock Exchange Inc.,USD,1.00,--
EIX,EDISON INTERNATIONAL,Utilities,Equity,"316,224,768.49",0.06,"316,224,768.49","4,137,443.00",76.43,United States,New York Stock Exchange Inc.,USD,1.00,--
TRGP,TARGA RESOURCES CORP,Energy,Equity,"314,672,787.08",0.06,"314,672,787.08","2,384,246.00",131.98,United States,New York Stock Exchange Inc.,USD,1.00,--
DVN,DEVON ENERGY CORP,Energy,Equity,"314,526,562.48",0.06,"314,526,562.48","6,796,166.00",46.28,United States,New York Stock Exchange Inc.,USD,1.00,--
ON,ON SEMICONDUCTOR CORP,Information Technology,Equity,"312,472,526.74",0.06,"312,472,526.74","4,626,481.00",67.54,United States,NASDAQ,USD,1.00,--
MTB,M&T BANK CORP,Financials,Equity,"311,306,436.70",0.06,"311,306,436.70","1,794,170.00",173.51,United States,New York Stock Exchange Inc.,USD,1.00,--
AVB,AVALONBAY COMMUNITIES REIT INC,Real Estate,Equity,"309,673,744.95",0.06,"309,673,744.95","1,526,765.00",202.83,United States,New York Stock Exchange Inc.,USD,1.00,--
FITB,FIFTH THIRD BANCORP,Financials,Equity,"307,694,745.37",0.06,"307,694,745.37","7,355,839.00",41.83,United States,NASDAQ,USD,1.00,--
HSY,HERSHEY FOODS,Consumer Staples,Equity,"305,850,716.11",0.06,"305,850,716.11","1,587,433.00",192.67,United States,New York Stock Exchange Inc.,USD,1.00,--
IRM,IRON MOUNTAIN INC,Real Estate,Equity,"305,453,315.70",0.06,"305,453,315.70","3,152,253.00",96.90,United States,New York Stock Exchange Inc.,USD,1.00,--
WTW,WILLIS TOWERS WATSON PLC,Financials,Equity,"305,205,099.20",0.06,"305,205,099.20","1,099,442.00",277.60,United States,NASDAQ,USD,1.00,--
LULU,LULULEMON ATHLETICA INC,Consumer Discretionary,Equity,"304,719,262.20",0.06,"304,719,262.20","1,232,085.00",247.32,United States,NASDAQ,USD,1.00,--
WAB,WESTINGHOUSE AIR BRAKE TECHNOLOGIE,Industrials,Equity,"301,831,737.06",0.06,"301,831,737.06","1,896,762.00",159.13,United States,New York Stock Exchange Inc.,USD,1.00,--
DAL,DELTA AIR LINES INC,Industrials,Equity,"301,653,109.80",0.06,"301,653,109.80","6,939,340.00",43.47,United States,New York Stock Exchange Inc.,USD,1.00,--
TSCO,TRACTOR SUPPLY,Consumer Discretionary,Equity,"298,446,072.96",0.06,"298,446,072.96","1,159,284.00",257.44,United States,NASDAQ,USD,1.00,--
AWK,AMERICAN WATER WORKS INC,Utilities,Equity,"293,515,524.30",0.06,"293,515,524.30","2,095,043.00",140.10,United States,New York Stock Exchange Inc.,USD,1.00,--
ANSS,ANSYS INC,Information Technology,Equity,"291,673,597.17",0.06,"291,673,597.17","938,793.00",310.69,United States,NASDAQ,USD,1.00,--
EBAY,EBAY INC,Consumer Discretionary,Equity,"289,037,765.76",0.06,"289,037,765.76","5,441,223.00",53.12,United States,NASDAQ,USD,1.00,--
GRMN,GARMIN LTD,Consumer Discretionary,Equity,"286,503,444.60",0.06,"286,503,444.60","1,652,269.00",173.40,United States,New York Stock Exchange Inc.,USD,1.00,--
NVR,NVR INC,Consumer Discretionary,Equity,"285,688,737.36",0.06,"285,688,737.36","33,722.00","8,471.88",United States,New York Stock Exchange Inc.,USD,1.00,--
WEC,WEC ENERGY GROUP INC,Utilities,Equity,"282,972,383.84",0.06,"282,972,383.84","3,396,212.00",83.32,United States,New York Stock Exchange Inc.,USD,1.00,--
PHM,PULTEGROUP INC,Consumer Discretionary,Equity,"282,731,750.00",0.06,"282,731,750.00","2,261,854.00",125.00,United States,New York Stock Exchange Inc.,USD,1.00,--
KHC,KRAFT HEINZ,Consumer Staples,Equity,"282,556,931.18",0.06,"282,556,931.18","8,487,742.00",33.29,United States,NASDAQ,USD,1.00,--
DG,DOLLAR GENERAL CORP,Consumer Staples,Equity,"279,485,014.41",0.06,"279,485,014.41","2,362,311.00",118.31,United States,New York Stock Exchange Inc.,USD,1.00,--
NTAP,NETAPP INC,Information Technology,Equity,"278,658,698.12",0.06,"278,658,698.12","2,219,327.00",125.56,United States,NASDAQ,USD,1.00,--
TROW,T ROWE PRICE GROUP INC,Financials,Equity,"277,324,635.63",0.06,"277,324,635.63","2,401,287.00",115.49,United States,NASDAQ,USD,1.00,--
STT,STATE STREET CORP,Financials,Equity,"275,567,201.52",0.06,"275,567,201.52","3,246,168.00",84.89,United States,New York Stock Exchange Inc.,USD,1.00,--
DOV,DOVER CORP,Industrials,Equity,"275,365,495.44",0.06,"275,365,495.44","1,477,917.00",186.32,United States,New York Stock Exchange Inc.,USD,1.00,--
NDAQ,NASDAQ INC,Financials,Equity,"275,207,002.14",0.06,"275,207,002.14","4,091,689.00",67.26,United States,NASDAQ,USD,1.00,--
HPE,HEWLETT PACKARD ENTERPRISE,Information Technology,Equity,"271,788,270.50",0.06,"271,788,270.50","13,973,690.00",19.45,United States,New York Stock Exchange Inc.,USD,1.00,--
GPN,GLOBAL PAYMENTS INC,Financials,Equity,"271,027,081.44",0.06,"271,027,081.44","2,744,856.00",98.74,United States,New York Stock Exchange Inc.,USD,1.00,--
LYB,LYONDELLBASELL INDUSTRIES NV CLASS,Materials,Equity,"267,216,272.40",0.05,"267,216,272.40","2,766,214.00",96.60,United States,New York Stock Exchange Inc.,USD,1.00,--
IFF,INTERNATIONAL FLAVORS & FRAGRANCES,Materials,Equity,"266,632,690.24",0.05,"266,632,690.24","2,744,264.00",97.16,United States,New York Stock Exchange Inc.,USD,1.00,--
SW,SMURFIT WESTROCK PLC,Materials,Equity,"265,980,483.20",0.05,"265,980,483.20","5,577,280.00",47.69,United States,New York Stock Exchange Inc.,USD,1.00,--
FTV,FORTIVE CORP,Industrials,Equity,"264,939,096.15",0.05,"264,939,096.15","3,785,385.00",69.99,United States,New York Stock Exchange Inc.,USD,1.00,--
BR,BROADRIDGE FINANCIAL SOLUTIONS INC,Industrials,Equity,"264,403,912.15",0.05,"264,403,912.15","1,270,745.00",208.07,United States,New York Stock Exchange Inc.,USD,1.00,--
DTE,DTE ENERGY,Utilities,Equity,"263,001,942.93",0.05,"263,001,942.93","2,225,247.00",118.19,United States,New York Stock Exchange Inc.,USD,1.00,--
CHD,CHURCH AND DWIGHT INC,Consumer Staples,Equity,"262,567,656.85",0.05,"262,567,656.85","2,629,621.00",99.85,United States,New York Stock Exchange Inc.,USD,1.00,--
EQR,EQUITY RESIDENTIAL REIT,Real Estate,Equity,"257,902,306.64",0.05,"257,902,306.64","3,709,757.00",69.52,United States,New York Stock Exchange Inc.,USD,1.00,--
TYL,TYLER TECHNOLOGIES INC,Information Technology,Equity,"257,597,507.72",0.05,"257,597,507.72","456,458.00",564.34,United States,New York Stock Exchange Inc.,USD,1.00,--
TTWO,TAKE TWO INTERACTIVE SOFTWARE INC,Communication,Equity,"256,627,029.60",0.05,"256,627,029.60","1,707,432.00",150.30,United States,NASDAQ,USD,1.00,--
ETR,ENTERGY CORP,Utilities,Equity,"255,847,283.64",0.05,"255,847,283.64","2,296,242.00",111.42,United States,New York Stock Exchange Inc.,USD,1.00,--
KEYS,KEYSIGHT TECHNOLOGIES INC,Information Technology,Equity,"255,160,517.11",0.05,"255,160,517.11","1,877,699.00",135.89,United States,New York Stock Exchange Inc.,USD,1.00,--
CAH,CARDINAL HEALTH INC,Health Care,Equity,"253,827,544.19",0.05,"253,827,544.19","2,619,209.00",96.91,United States,New York Stock Exchange Inc.,USD,1.00,--
USD,USD CASH,Cash and/or Derivatives,Cash,"251,540,931.45",0.05,"251,540,931.45","251,540,931.00",100.00,United States,--,USD,1.00,--
EL,ESTEE LAUDER INC CLASS A,Consumer Staples,Equity,"250,187,861.70",0.05,"250,187,861.70","2,504,383.00",99.90,United States,New York Stock Exchange Inc.,USD,1.00,--
FSLR,FIRST SOLAR INC,Information Technology,Equity,"248,868,199.45",0.05,"248,868,199.45","1,151,155.00",216.19,United States,NASDAQ,USD,1.00,--
BRO,BROWN & BROWN INC,Financials,Equity,"248,055,805.70",0.05,"248,055,805.70","2,545,990.00",97.43,United States,New York Stock Exchange Inc.,USD,1.00,--
VST,VISTRA CORP,Utilities,Equity,"247,182,020.28",0.05,"247,182,020.28","3,512,106.00",70.38,United States,New York Stock Exchange Inc.,USD,1.00,--
ZBH,ZIMMER BIOMET HOLDINGS INC,Health Care,Equity,"244,753,382.40",0.05,"244,753,382.40","2,212,160.00",110.64,United States,New York Stock Exchange Inc.,USD,1.00,--
SBAC,SBA COMMUNICATIONS REIT CORP CLASS,Real Estate,Equity,"243,871,333.35",0.05,"243,871,333.35","1,155,405.00",211.07,United States,NASDAQ,USD,1.00,--
STE,STERIS,Health Care,Equity,"241,770,894.44",0.05,"241,770,894.44","1,062,449.00",227.56,United States,New York Stock Exchange Inc.,USD,1.00,--
ES,EVERSOURCE ENERGY,Utilities,Equity,"240,921,951.60",0.05,"240,921,951.60","3,788,081.00",63.60,United States,New York Stock Exchange Inc.,USD,1.00,--
WY,WEYERHAEUSER REIT,Real Estate,Equity,"237,758,005.10",0.05,"237,758,005.10","7,844,210.00",30.31,United States,New York Stock Exchange Inc.,USD,1.00,--
AXON,AXON ENTERPRISE INC,Industrials,Equity,"237,077,786.94",0.05,"237,077,786.94","762,774.00",310.81,United States,NASDAQ,USD,1.00,--
RJF,RAYMOND JAMES INC,Financials,Equity,"236,733,842.49",0.05,"236,733,842.49","2,006,049.00",118.01,United States,New York Stock Exchange Inc.,USD,1.00,--
VLTO,VERALTO CORP,Industrials,Equity,"235,333,904.33",0.05,"235,333,904.33","2,362,553.00",99.61,United States,New York Stock Exchange Inc.,USD,1.00,--
HBAN,HUNTINGTON BANCSHARES INC,Financials,Equity,"234,711,154.20",0.05,"234,711,154.20","15,585,070.00",15.06,United States,NASDAQ,USD,1.00,--
WDC,WESTERN DIGITAL CORP,Information Technology,Equity,"233,458,557.67",0.05,"233,458,557.67","3,511,183.00",66.49,United States,NASDAQ,USD,1.00,--
DECK,DECKERS OUTDOOR CORP,Consumer Discretionary,Equity,"232,200,144.00",0.05,"232,200,144.00","275,936.00",841.50,United States,New York Stock Exchange Inc.,USD,1.00,--
PPL,PPL CORP,Utilities,Equity,"231,810,207.84",0.05,"231,810,207.84","7,933,272.00",29.22,United States,New York Stock Exchange Inc.,USD,1.00,--
VTR,VENTAS REIT INC,Real Estate,Equity,"231,523,570.35",0.05,"231,523,570.35","4,352,765.00",53.19,United States,New York Stock Exchange Inc.,USD,1.00,--
DLTR,DOLLAR TREE INC,Consumer Staples,Equity,"228,696,176.28",0.05,"228,696,176.28","2,228,356.00",102.63,United States,NASDAQ,USD,1.00,--
FE,FIRSTENERGY CORP,Utilities,Equity,"225,300,230.25",0.05,"225,300,230.25","5,569,845.00",40.45,United States,New York Stock Exchange Inc.,USD,1.00,--
PTC,PTC INC,Information Technology,Equity,"223,872,403.95",0.05,"223,872,403.95","1,287,585.00",173.87,United States,NASDAQ,USD,1.00,--
AEE,AMEREN CORP,Utilities,Equity,"222,391,918.65",0.05,"222,391,918.65","2,867,723.00",77.55,United States,New York Stock Exchange Inc.,USD,1.00,--
RF,REGIONS FINANCIAL CORP,Financials,Equity,"222,079,661.10",0.05,"222,079,661.10","9,848,322.00",22.55,United States,New York Stock Exchange Inc.,USD,1.00,--
LDOS,LEIDOS HOLDINGS INC,Industrials,Equity,"221,015,341.14",0.05,"221,015,341.14","1,453,857.00",152.02,United States,New York Stock Exchange Inc.,USD,1.00,--
EQT,EQT CORP,Energy,Equity,"219,319,508.88",0.04,"219,319,508.88","6,379,276.00",34.38,United States,New York Stock Exchange Inc.,USD,1.00,--
STX,SEAGATE TECHNOLOGY HOLDINGS PLC,Information Technology,Equity,"218,313,712.88",0.04,"218,313,712.88","2,099,978.00",103.96,United States,NASDAQ,USD,1.00,--
SYF,SYNCHRONY FINANCIAL,Financials,Equity,"217,541,192.66",0.04,"217,541,192.66","4,318,007.00",50.38,United States,New York Stock Exchange Inc.,USD,1.00,--
GDDY,GODADDY INC CLASS A,Information Technology,Equity,"217,176,772.05",0.04,"217,176,772.05","1,515,645.00",143.29,United States,New York Stock Exchange Inc.,USD,1.00,--
WST,WEST PHARMACEUTICAL SERVICES INC,Health Care,Equity,"217,073,929.28",0.04,"217,073,929.28","783,208.00",277.16,United States,New York Stock Exchange Inc.,USD,1.00,--
CPAY,CORPAY INC,Financials,Equity,"215,795,407.52",0.04,"215,795,407.52","755,692.00",285.56,United States,New York Stock Exchange Inc.,USD,1.00,--
TDY,TELEDYNE TECHNOLOGIES INC,Information Technology,Equity,"211,958,778.80",0.04,"211,958,778.80","509,884.00",415.70,United States,New York Stock Exchange Inc.,USD,1.00,--
CBOE,CBOE GLOBAL MARKETS INC,Financials,Equity,"211,535,032.05",0.04,"211,535,032.05","1,130,901.00",187.05,United States,Cboe BZX formerly known as BATS,USD,1.00,--
CFG,CITIZENS FINANCIAL GROUP INC,Financials,Equity,"211,578,249.36",0.04,"211,578,249.36","4,893,114.00",43.24,United States,New York Stock Exchange Inc.,USD,1.00,--
TER,TERADYNE INC,Information Technology,Equity,"208,730,738.29",0.04,"208,730,738.29","1,678,777.00",124.33,United States,NASDAQ,USD,1.00,--
BLDR,BUILDERS FIRSTSOURCE INC,Industrials,Equity,"208,356,775.77",0.04,"208,356,775.77","1,312,649.00",158.73,United States,New York Stock Exchange Inc.,USD,1.00,--
BALL,BALL CORP,Materials,Equity,"207,106,332.65",0.04,"207,106,332.65","3,337,733.00",62.05,United States,New York Stock Exchange Inc.,USD,1.00,--
GPC,GENUINE PARTS,Consumer Discretionary,Equity,"206,676,300.60",0.04,"206,676,300.60","1,497,980.00",137.97,United States,New York Stock Exchange Inc.,USD,1.00,--
CTRA,COTERRA ENERGY INC,Energy,Equity,"205,840,400.72",0.04,"205,840,400.72","8,003,126.00",25.72,United States,New York Stock Exchange Inc.,USD,1.00,--
INVH,INVITATION HOMES INC,Real Estate,Equity,"205,567,295.20",0.04,"205,567,295.20","6,191,786.00",33.20,United States,New York Stock Exchange Inc.,USD,1.00,--
HUBB,HUBBELL INC,Industrials,Equity,"205,268,614.85",0.04,"205,268,614.85","577,327.00",355.55,United States,New York Stock Exchange Inc.,USD,1.00,--
MOH,MOLINA HEALTHCARE INC,Health Care,Equity,"204,289,664.81",0.04,"204,289,664.81","630,193.00",324.17,United States,New York Stock Exchange Inc.,USD,1.00,--
CMS,CMS ENERGY CORP,Utilities,Equity,"202,995,817.71",0.04,"202,995,817.71","3,211,451.00",63.21,United States,New York Stock Exchange Inc.,USD,1.00,--
CINF,CINCINNATI FINANCIAL CORP,Financials,Equity,"202,960,656.30",0.04,"202,960,656.30","1,687,121.00",120.30,United States,NASDAQ,USD,1.00,--
STLD,STEEL DYNAMICS INC,Materials,Equity,"202,676,522.40",0.04,"202,676,522.40","1,588,374.00",127.60,United States,NASDAQ,USD,1.00,--
ATO,ATMOS ENERGY CORP,Utilities,Equity,"202,606,226.94",0.04,"202,606,226.94","1,621,758.00",124.93,United States,New York Stock Exchange Inc.,USD,1.00,--
MKC,MCCORMICK & CO NON-VOTING INC,Consumer Staples,Equity,"202,416,671.07",0.04,"202,416,671.07","2,707,191.00",74.77,United States,New York Stock Exchange Inc.,USD,1.00,--
CNP,CENTERPOINT ENERGY INC,Utilities,Equity,"198,675,628.00",0.04,"198,675,628.00","6,879,350.00",28.88,United States,New York Stock Exchange Inc.,USD,1.00,--
APTV,APTIV PLC,Consumer Discretionary,Equity,"198,446,296.86",0.04,"198,446,296.86","2,925,642.00",67.83,United States,New York Stock Exchange Inc.,USD,1.00,--
COO,COOPER INC,Health Care,Equity,"197,971,987.08",0.04,"197,971,987.08","2,136,081.00",92.68,United States,NASDAQ,USD,1.00,--
WAT,WATERS CORP,Health Care,Equity,"197,904,203.16",0.04,"197,904,203.16","637,804.00",310.29,United States,New York Stock Exchange Inc.,USD,1.00,--
OMC,OMNICOM GROUP INC,Communication,Equity,"196,598,553.95",0.04,"196,598,553.95","2,106,037.00",93.35,United States,New York Stock Exchange Inc.,USD,1.00,--
ARE,ALEXANDRIA REAL ESTATE EQUITIES RE,Real Estate,Equity,"196,416,995.04",0.04,"196,416,995.04","1,693,104.00",116.01,United States,New York Stock Exchange Inc.,USD,1.00,--
J,JACOBS SOLUTIONS INC,Industrials,Equity,"196,176,184.32",0.04,"196,176,184.32","1,346,624.00",145.68,United States,New York Stock Exchange Inc.,USD,1.00,--
PFG,PRINCIPAL FINANCIAL GROUP INC,Financials,Equity,"195,745,329.36",0.04,"195,745,329.36","2,318,708.00",84.42,United States,NASDAQ,USD,1.00,--
HOLX,HOLOGIC INC,Health Care,Equity,"195,451,542.00",0.04,"195,451,542.00","2,509,650.00",77.88,United States,NASDAQ,USD,1.00,--
ESS,ESSEX PROPERTY TRUST REIT INC,Real Estate,Equity,"195,053,334.24",0.04,"195,053,334.24","689,917.00",282.72,United States,New York Stock Exchange Inc.,USD,1.00,--
SWKS,SKYWORKS SOLUTIONS INC,Information Technology,Equity,"194,397,226.20",0.04,"194,397,226.20","1,725,215.00",112.68,United States,NASDAQ,USD,1.00,--
NTRS,NORTHERN TRUST CORP,Financials,Equity,"193,991,852.92",0.04,"193,991,852.92","2,204,954.00",87.98,United States,NASDAQ,USD,1.00,--
BAX,BAXTER INTERNATIONAL INC,Health Care,Equity,"192,281,971.20",0.04,"192,281,971.20","5,479,680.00",35.09,United States,New York Stock Exchange Inc.,USD,1.00,--
WBD,WARNER BROS. DISCOVERY INC SERIES,Communication,Equity,"191,583,884.42",0.04,"191,583,884.42","23,977,958.00",7.99,United States,NASDAQ,USD,1.00,--
LH,LABCORP HOLDINGS INC,Health Care,Equity,"190,090,837.16",0.04,"190,090,837.16","906,403.00",209.72,United States,New York Stock Exchange Inc.,USD,1.00,--
EXPD,EXPEDITORS INTERNATIONAL OF WASHIN,Industrials,Equity,"189,638,660.20",0.04,"189,638,660.20","1,518,932.00",124.85,United States,New York Stock Exchange Inc.,USD,1.00,--
ULTA,ULTA BEAUTY INC,Consumer Discretionary,Equity,"187,322,202.90",0.04,"187,322,202.90","515,613.00",363.30,United States,NASDAQ,USD,1.00,--
TXT,TEXTRON INC,Industrials,Equity,"187,192,792.41",0.04,"187,192,792.41","2,050,529.00",91.29,United States,New York Stock Exchange Inc.,USD,1.00,--
PKG,PACKAGING CORP OF AMERICA,Materials,Equity,"186,197,104.32",0.04,"186,197,104.32","958,593.00",194.24,United States,New York Stock Exchange Inc.,USD,1.00,--
CCL,CARNIVAL CORP,Consumer Discretionary,Equity,"185,738,951.70",0.04,"185,738,951.70","10,861,927.00",17.10,United States,New York Stock Exchange Inc.,USD,1.00,--
TSN,TYSON FOODS INC CLASS A,Consumer Staples,Equity,"185,542,957.32",0.04,"185,542,957.32","3,077,508.00",60.29,United States,New York Stock Exchange Inc.,USD,1.00,--
DRI,DARDEN RESTAURANTS INC,Consumer Discretionary,Equity,"182,136,738.30",0.04,"182,136,738.30","1,283,557.00",141.90,United States,New York Stock Exchange Inc.,USD,1.00,--
AVY,AVERY DENNISON CORP,Materials,Equity,"181,032,716.10",0.04,"181,032,716.10","865,771.00",209.10,United States,New York Stock Exchange Inc.,USD,1.00,--
BBY,BEST BUY CO INC,Consumer Discretionary,Equity,"180,879,488.40",0.04,"180,879,488.40","2,070,744.00",87.35,United States,New York Stock Exchange Inc.,USD,1.00,--
LUV,SOUTHWEST AIRLINES,Industrials,Equity,"180,707,155.20",0.04,"180,707,155.20","6,435,440.00",28.08,United States,New York Stock Exchange Inc.,USD,1.00,--
MAS,MASCO CORP,Industrials,Equity,"179,617,029.12",0.04,"179,617,029.12","2,368,368.00",75.84,United States,New York Stock Exchange Inc.,USD,1.00,--
ZBRA,ZEBRA TECHNOLOGIES CORP CLASS A,Information Technology,Equity,"179,274,480.97",0.04,"179,274,480.97","552,617.00",324.41,United States,NASDAQ,USD,1.00,--
CLX,CLOROX,Consumer Staples,Equity,"177,924,771.15",0.04,"177,924,771.15","1,334,269.00",133.35,United States,New York Stock Exchange Inc.,USD,1.00,--
MAA,MID AMERICA APARTMENT COMMUNITIES,Real Estate,Equity,"176,051,251.84",0.04,"176,051,251.84","1,256,432.00",140.12,United States,New York Stock Exchange Inc.,USD,1.00,--
EG,EVEREST GROUP LTD,Financials,Equity,"174,443,701.25",0.04,"174,443,701.25","466,739.00",373.75,United States,New York Stock Exchange Inc.,USD,1.00,--
IP,INTERNATIONAL PAPER,Materials,Equity,"172,637,246.40",0.04,"172,637,246.40","3,735,120.00",46.22,United States,New York Stock Exchange Inc.,USD,1.00,--
DGX,QUEST DIAGNOSTICS INC,Health Care,Equity,"172,111,454.75",0.04,"172,111,454.75","1,193,147.00",144.25,United States,New York Stock Exchange Inc.,USD,1.00,--
BG,BUNGE GLOBAL SA,Consumer Staples,Equity,"171,972,926.10",0.04,"171,972,926.10","1,522,558.00",112.95,United States,New York Stock Exchange Inc.,USD,1.00,--
ENPH,ENPHASE ENERGY INC,Information Technology,Equity,"171,950,445.68",0.04,"171,950,445.68","1,463,159.00",117.52,United States,NASDAQ,USD,1.00,--
WRB,WR BERKLEY CORP,Financials,Equity,"170,935,611.66",0.03,"170,935,611.66","3,257,778.00",52.47,United States,New York Stock Exchange Inc.,USD,1.00,--
EXPE,EXPEDIA GROUP INC,Consumer Discretionary,Equity,"170,521,098.90",0.03,"170,521,098.90","1,365,261.00",124.90,United States,NASDAQ,USD,1.00,--
ALGN,ALIGN TECHNOLOGY INC,Health Care,Equity,"170,210,676.90",0.03,"170,210,676.90","752,978.00",226.05,United States,NASDAQ,USD,1.00,--
MRO,MARATHON OIL CORP,Energy,Equity,"169,165,512.06",0.03,"169,165,512.06","6,065,454.00",27.89,United States,New York Stock Exchange Inc.,USD,1.00,--
FDS,FACTSET RESEARCH SYSTEMS INC,Financials,Equity,"168,701,149.62",0.03,"168,701,149.62","409,807.00",411.66,United States,New York Stock Exchange Inc.,USD,1.00,--
IEX,IDEX CORP,Industrials,Equity,"165,301,027.60",0.03,"165,301,027.60","813,970.00",203.08,United States,New York Stock Exchange Inc.,USD,1.00,--
UAL,UNITED AIRLINES HOLDINGS INC,Industrials,Equity,"165,196,173.44",0.03,"165,196,173.44","3,535,877.00",46.72,United States,NASDAQ,USD,1.00,--
VRSN,VERISIGN INC,Information Technology,Equity,"164,711,605.82",0.03,"164,711,605.82","931,943.00",176.74,United States,NASDAQ,USD,1.00,--
NRG,NRG ENERGY INC,Utilities,Equity,"163,854,769.98",0.03,"163,854,769.98","2,241,822.00",73.09,United States,New York Stock Exchange Inc.,USD,1.00,--
KEY,KEYCORP,Financials,Equity,"163,541,973.22",0.03,"163,541,973.22","10,138,994.00",16.13,United States,New York Stock Exchange Inc.,USD,1.00,--
K,KELLANOVA,Consumer Staples,Equity,"162,399,053.12",0.03,"162,399,053.12","2,835,179.00",57.28,United States,New York Stock Exchange Inc.,USD,1.00,--
DPZ,DOMINOS PIZZA INC,Consumer Discretionary,Equity,"159,542,916.65",0.03,"159,542,916.65","375,245.00",425.17,United States,New York Stock Exchange Inc.,USD,1.00,--
AKAM,AKAMAI TECHNOLOGIES INC,Information Technology,Equity,"157,858,589.39",0.03,"157,858,589.39","1,638,047.00",96.37,United States,NASDAQ,USD,1.00,--
AMCR,AMCOR PLC,Materials,Equity,"157,697,271.55",0.03,"157,697,271.55","15,536,677.00",10.15,United States,New York Stock Exchange Inc.,USD,1.00,--
DOC,HEALTHPEAK PROPERTIES INC,Real Estate,Equity,"157,114,980.84",0.03,"157,114,980.84","7,568,159.00",20.76,United States,New York Stock Exchange Inc.,USD,1.00,--
SNA,SNAP ON INC,Industrials,Equity,"155,026,040.95",0.03,"155,026,040.95","566,885.00",273.47,United States,New York Stock Exchange Inc.,USD,1.00,--
LVS,LAS VEGAS SANDS CORP,Consumer Discretionary,Equity,"154,434,598.92",0.03,"154,434,598.92","3,925,638.00",39.34,United States,New York Stock Exchange Inc.,USD,1.00,--
LNT,ALLIANT ENERGY CORP,Utilities,Equity,"153,956,296.48",0.03,"153,956,296.48","2,757,097.00",55.84,United States,NASDAQ,USD,1.00,--
PNR,PENTAIR,Industrials,Equity,"153,741,396.77",0.03,"153,741,396.77","1,785,407.00",86.11,United States,New York Stock Exchange Inc.,USD,1.00,--
L,LOEWS CORP,Financials,Equity,"153,336,070.15",0.03,"153,336,070.15","1,958,065.00",78.31,United States,New York Stock Exchange Inc.,USD,1.00,--
CAG,CONAGRA BRANDS INC,Consumer Staples,Equity,"151,718,731.99",0.03,"151,718,731.99","5,137,783.00",29.53,United States,New York Stock Exchange Inc.,USD,1.00,--
VTRS,VIATRIS INC,Health Care,Equity,"150,575,498.64",0.03,"150,575,498.64","12,804,039.00",11.76,United States,NASDAQ,USD,1.00,--
NI,NISOURCE INC,Utilities,Equity,"149,833,665.24",0.03,"149,833,665.24","4,820,903.00",31.08,United States,New York Stock Exchange Inc.,USD,1.00,--
JBHT,JB HUNT TRANSPORT SERVICES INC,Industrials,Equity,"149,795,749.06",0.03,"149,795,749.06","877,127.00",170.78,United States,NASDAQ,USD,1.00,--
RVTY,REVVITY INC,Health Care,Equity,"149,585,721.57",0.03,"149,585,721.57","1,325,997.00",112.81,United States,New York Stock Exchange Inc.,USD,1.00,--
GEN,GEN DIGITAL INC,Information Technology,Equity,"149,376,460.06",0.03,"149,376,460.06","5,925,286.00",25.21,United States,NASDAQ,USD,1.00,--
KIM,KIMCO REALTY REIT CORP,Real Estate,Equity,"148,841,709.22",0.03,"148,841,709.22","7,176,553.00",20.74,United States,New York Stock Exchange Inc.,USD,1.00,--
POOL,POOL CORP,Consumer Discretionary,Equity,"148,377,346.32",0.03,"148,377,346.32","412,228.00",359.94,United States,NASDAQ,USD,1.00,--
SWK,STANLEY BLACK & DECKER INC,Industrials,Equity,"148,226,258.05",0.03,"148,226,258.05","1,654,865.00",89.57,United States,New York Stock Exchange Inc.,USD,1.00,--
CE,CELANESE CORP,Materials,Equity,"147,933,866.20",0.03,"147,933,866.20","1,080,598.00",136.90,United States,New York Stock Exchange Inc.,USD,1.00,--
CF,CF INDUSTRIES HOLDINGS INC,Materials,Equity,"144,492,138.12",0.03,"144,492,138.12","1,965,612.00",73.51,United States,New York Stock Exchange Inc.,USD,1.00,--
PODD,INSULET CORP,Health Care,Equity,"143,784,559.36",0.03,"143,784,559.36","753,272.00",190.88,United States,NASDAQ,USD,1.00,--
TRMB,TRIMBLE INC,Information Technology,Equity,"143,641,324.80",0.03,"143,641,324.80","2,625,984.00",54.70,United States,NASDAQ,USD,1.00,--
JBL,JABIL INC,Information Technology,Equity,"143,113,908.15",0.03,"143,113,908.15","1,296,909.00",110.35,United States,New York Stock Exchange Inc.,USD,1.00,--
LYV,LIVE NATION ENTERTAINMENT INC,Communication,Equity,"141,263,610.42",0.03,"141,263,610.42","1,531,811.00",92.22,United States,New York Stock Exchange Inc.,USD,1.00,--
ROL,ROLLINS INC,Industrials,Equity,"141,021,934.19",0.03,"141,021,934.19","3,017,803.00",46.73,United States,New York Stock Exchange Inc.,USD,1.00,--
NDSN,NORDSON CORP,Industrials,Equity,"140,519,688.00",0.03,"140,519,688.00","584,160.00",240.55,United States,NASDAQ,USD,1.00,--
EVRG,EVERGY INC,Utilities,Equity,"139,122,200.43",0.03,"139,122,200.43","2,469,771.00",56.33,United States,NASDAQ,USD,1.00,--
KMX,CARMAX INC,Consumer Discretionary,Equity,"138,441,237.20",0.03,"138,441,237.20","1,697,624.00",81.55,United States,New York Stock Exchange Inc.,USD,1.00,--
TECH,BIO TECHNE CORP,Health Care,Equity,"133,318,508.85",0.03,"133,318,508.85","1,694,655.00",78.67,United States,NASDAQ,USD,1.00,--
UDR,UDR REIT INC,Real Estate,Equity,"132,495,580.07",0.03,"132,495,580.07","3,257,821.00",40.67,United States,New York Stock Exchange Inc.,USD,1.00,--
SJM,JM SMUCKER,Consumer Staples,Equity,"132,403,221.02",0.03,"132,403,221.02","1,140,817.00",116.06,United States,New York Stock Exchange Inc.,USD,1.00,--
AES,AES CORP,Utilities,Equity,"131,674,537.41",0.03,"131,674,537.41","7,642,167.00",17.23,United States,New York Stock Exchange Inc.,USD,1.00,--
UHS,UNIVERSAL HEALTH SERVICES INC CLAS,Health Care,Equity,"131,582,056.05",0.03,"131,582,056.05","641,895.00",204.99,United States,New York Stock Exchange Inc.,USD,1.00,--
JKHY,JACK HENRY AND ASSOCIATES INC,Financials,Equity,"131,116,407.44",0.03,"131,116,407.44","782,878.00",167.48,United States,NASDAQ,USD,1.00,--
JNPR,JUNIPER NETWORKS INC,Information Technology,Equity,"131,013,603.72",0.03,"131,013,603.72","3,494,628.00",37.49,United States,New York Stock Exchange Inc.,USD,1.00,--
HST,HOST HOTELS & RESORTS REIT INC,Real Estate,Equity,"130,358,216.25",0.03,"130,358,216.25","7,583,375.00",17.19,United States,NASDAQ,USD,1.00,--
EPAM,EPAM SYSTEMS INC,Information Technology,Equity,"129,103,940.66",0.03,"129,103,940.66","623,269.00",207.14,United States,New York Stock Exchange Inc.,USD,1.00,--
CPT,CAMDEN PROPERTY TRUST REIT,Real Estate,Equity,"127,111,843.71",0.03,"127,111,843.71","1,146,081.00",110.91,United States,New York Stock Exchange Inc.,USD,1.00,--
ALLE,ALLEGION PLC,Industrials,Equity,"125,450,944.96",0.03,"125,450,944.96","944,092.00",132.88,United States,New York Stock Exchange Inc.,USD,1.00,--
QRVO,QORVO INC,Information Technology,Equity,"123,090,694.84",0.03,"123,090,694.84","1,037,252.00",118.67,United States,NASDAQ,USD,1.00,--
EMN,EASTMAN CHEMICAL,Materials,Equity,"122,894,922.48",0.03,"122,894,922.48","1,265,132.00",97.14,United States,New York Stock Exchange Inc.,USD,1.00,--
CRL,CHARLES RIVER LABORATORIES INTERNA,Health Care,Equity,"122,891,390.59",0.03,"122,891,390.59","554,039.00",221.81,United States,New York Stock Exchange Inc.,USD,1.00,--
IPG,INTERPUBLIC GROUP OF COMPANIES INC,Communication,Equity,"122,817,532.92",0.03,"122,817,532.92","4,058,742.00",30.26,United States,New York Stock Exchange Inc.,USD,1.00,--
APA,APA CORP,Energy,Equity,"121,450,386.80",0.02,"121,450,386.80","3,882,685.00",31.28,United States,NASDAQ,USD,1.00,--
INCY,INCYTE CORP,Health Care,Equity,"117,340,823.92",0.02,"117,340,823.92","1,711,256.00",68.57,United States,NASDAQ,USD,1.00,--
HII,HUNTINGTON INGALLS INDUSTRIES INC,Industrials,Equity,"116,612,022.55",0.02,"116,612,022.55","425,669.00",273.95,United States,New York Stock Exchange Inc.,USD,1.00,--
ALB,ALBEMARLE CORP,Materials,Equity,"115,009,622.00",0.02,"115,009,622.00","1,263,842.00",91.00,United States,New York Stock Exchange Inc.,USD,1.00,--
CTLT,CATALENT INC,Health Care,Equity,"113,679,521.90",0.02,"113,679,521.90","1,944,902.00",58.45,United States,New York Stock Exchange Inc.,USD,1.00,--
REG,REGENCY CENTERS REIT CORP,Real Estate,Equity,"113,406,585.44",0.02,"113,406,585.44","1,767,559.00",64.16,United States,NASDAQ,USD,1.00,--
TFX,TELEFLEX INC,Health Care,Equity,"112,707,426.77",0.02,"112,707,426.77","506,573.00",222.49,United States,New York Stock Exchange Inc.,USD,1.00,--
CHRW,CH ROBINSON WORLDWIDE INC,Industrials,Equity,"112,591,867.16",0.02,"112,591,867.16","1,259,276.00",89.41,United States,NASDAQ,USD,1.00,--
LKQ,LKQ CORP,Consumer Discretionary,Equity,"112,029,119.55",0.02,"112,029,119.55","2,876,229.00",38.95,United States,NASDAQ,USD,1.00,--
MGM,MGM RESORTS INTERNATIONAL,Consumer Discretionary,Equity,"111,822,400.48",0.02,"111,822,400.48","2,698,417.00",41.44,United States,New York Stock Exchange Inc.,USD,1.00,--
NWSA,NEWS CORP CLASS A,Communication,Equity,"110,988,738.45",0.02,"110,988,738.45","4,087,983.00",27.15,United States,NASDAQ,USD,1.00,--
FFIV,F5 INC,Information Technology,Equity,"109,823,593.23",0.02,"109,823,593.23","632,151.00",173.73,United States,NASDAQ,USD,1.00,--
AOS,A O SMITH CORP,Industrials,Equity,"106,742,369.30",0.02,"106,742,369.30","1,298,885.00",82.18,United States,New York Stock Exchange Inc.,USD,1.00,--
TAP,MOLSON COORS BREWING CLASS B,Consumer Staples,Equity,"105,605,104.88",0.02,"105,605,104.88","1,955,288.00",54.01,United States,New York Stock Exchange Inc.,USD,1.00,--
BXP,BXP INC,Real Estate,Equity,"105,367,118.70",0.02,"105,367,118.70","1,551,570.00",67.91,United States,New York Stock Exchange Inc.,USD,1.00,--
PNW,PINNACLE WEST CORP,Utilities,Equity,"102,087,045.97",0.02,"102,087,045.97","1,221,283.00",83.59,United States,New York Stock Exchange Inc.,USD,1.00,--
MOS,MOSAIC,Materials,Equity,"101,261,151.60",0.02,"101,261,151.60","3,456,012.00",29.30,United States,New York Stock Exchange Inc.,USD,1.00,--
GNRC,GENERAC HOLDINGS INC,Industrials,Equity,"99,580,323.42",0.02,"99,580,323.42","651,789.00",152.78,United States,New York Stock Exchange Inc.,USD,1.00,--
HRL,HORMEL FOODS CORP,Consumer Staples,Equity,"99,294,345.44",0.02,"99,294,345.44","3,118,541.00",31.84,United States,New York Stock Exchange Inc.,USD,1.00,--
TPR,TAPESTRY INC,Consumer Discretionary,Equity,"97,972,731.35",0.02,"97,972,731.35","2,470,939.00",39.65,United States,New York Stock Exchange Inc.,USD,1.00,--
CPB,CAMPBELL SOUP,Consumer Staples,Equity,"97,927,632.53",0.02,"97,927,632.53","2,116,439.00",46.27,United States,New York Stock Exchange Inc.,USD,1.00,--
HSIC,HENRY SCHEIN INC,Health Care,Equity,"97,817,178.24",0.02,"97,817,178.24","1,376,931.00",71.04,United States,NASDAQ,USD,1.00,--
MTCH,MATCH GROUP INC,Communication,Equity,"94,989,398.00",0.02,"94,989,398.00","2,856,824.00",33.25,United States,NASDAQ,USD,1.00,--
AIZ,ASSURANT INC,Financials,Equity,"94,691,933.22",0.02,"94,691,933.22","558,358.00",169.59,United States,New York Stock Exchange Inc.,USD,1.00,--
FOXA,FOX CORP CLASS A,Communication,Equity,"92,148,680.14",0.02,"92,148,680.14","2,485,802.00",37.07,United States,NASDAQ,USD,1.00,--
MKTX,MARKETAXESS HOLDINGS INC,Financials,Equity,"90,167,861.88",0.02,"90,167,861.88","408,258.00",220.86,United States,NASDAQ,USD,1.00,--
WBA,WALGREEN BOOTS ALLIANCE INC,Consumer Staples,Equity,"88,561,358.47",0.02,"88,561,358.47","7,694,297.00",11.51,United States,NASDAQ,USD,1.00,--
DAY,DAYFORCE INC,Industrials,Equity,"87,955,571.20",0.02,"87,955,571.20","1,697,984.00",51.80,United States,New York Stock Exchange Inc.,USD,1.00,--
BFB,BROWN FORMAN CORP CLASS B,Consumer Staples,Equity,"86,767,952.74",0.02,"86,767,952.74","1,925,182.00",45.07,United States,New York Stock Exchange Inc.,USD,1.00,--
HAS,HASBRO INC,Consumer Discretionary,Equity,"86,575,311.92",0.02,"86,575,311.92","1,407,271.00",61.52,United States,NASDAQ,USD,1.00,--
FRT,FEDERAL REALTY INVESTMENT TRUST RE,Real Estate,Equity,"85,936,847.88",0.02,"85,936,847.88","802,698.00",107.06,United States,New York Stock Exchange Inc.,USD,1.00,--
SOLV,SOLVENTUM CORP,Health Care,Equity,"85,461,577.35",0.02,"85,461,577.35","1,484,997.00",57.55,United States,New York Stock Exchange Inc.,USD,1.00,--
NCLH,NORWEGIAN CRUISE LINE HOLDINGS LTD,Consumer Discretionary,Equity,"84,705,402.24",0.02,"84,705,402.24","4,613,584.00",18.36,United States,New York Stock Exchange Inc.,USD,1.00,--
PAYC,PAYCOM SOFTWARE INC,Industrials,Equity,"84,282,055.13",0.02,"84,282,055.13","517,417.00",162.89,United States,New York Stock Exchange Inc.,USD,1.00,--
IVZ,INVESCO LTD,Financials,Equity,"82,598,935.64",0.02,"82,598,935.64","4,827,524.00",17.11,United States,New York Stock Exchange Inc.,USD,1.00,--
LW,LAMB WESTON HOLDINGS INC,Consumer Staples,Equity,"82,274,223.51",0.02,"82,274,223.51","1,552,051.00",53.01,United States,New York Stock Exchange Inc.,USD,1.00,--
WYNN,WYNN RESORTS LTD,Consumer Discretionary,Equity,"81,758,478.12",0.02,"81,758,478.12","1,015,381.00",80.52,United States,NASDAQ,USD,1.00,--
GL,GLOBE LIFE INC,Financials,Equity,"80,433,271.64",0.02,"80,433,271.64","902,933.00",89.08,United States,New York Stock Exchange Inc.,USD,1.00,--
BBWI,BATH AND BODY WORKS INC,Consumer Discretionary,Equity,"79,682,453.85",0.02,"79,682,453.85","2,405,145.00",33.13,United States,New York Stock Exchange Inc.,USD,1.00,--
DVA,DAVITA INC,Health Care,Equity,"79,298,542.50",0.02,"79,298,542.50","556,481.00",142.50,United States,New York Stock Exchange Inc.,USD,1.00,--
FMC,FMC CORP,Materials,Equity,"79,012,075.94",0.02,"79,012,075.94","1,340,551.00",58.94,United States,New York Stock Exchange Inc.,USD,1.00,--
BWA,BORGWARNER INC,Consumer Discretionary,Equity,"78,846,728.04",0.02,"78,846,728.04","2,450,178.00",32.18,United States,New York Stock Exchange Inc.,USD,1.00,--
CZR,CAESARS ENTERTAINMENT INC,Consumer Discretionary,Equity,"77,382,359.25",0.02,"77,382,359.25","2,327,289.00",33.25,United States,NASDAQ,USD,1.00,--
MHK,MOHAWK INDUSTRIES INC,Consumer Discretionary,Equity,"76,684,099.00",0.02,"76,684,099.00","570,142.00",134.50,United States,New York Stock Exchange Inc.,USD,1.00,--
BEN,FRANKLIN RESOURCES INC,Financials,Equity,"76,340,864.76",0.02,"76,340,864.76","3,229,309.00",23.64,United States,New York Stock Exchange Inc.,USD,1.00,--
ETSY,ETSY INC,Consumer Discretionary,Equity,"75,994,532.09",0.02,"75,994,532.09","1,257,563.00",60.43,United States,NASDAQ,USD,1.00,--
AAL,AMERICAN AIRLINES GROUP INC,Industrials,Equity,"74,793,971.00",0.02,"74,793,971.00","7,056,035.00",10.60,United States,NASDAQ,USD,1.00,--
SGAFT,CASH COLLATERAL USD SGAFT,Cash and/or Derivatives,Cash Collateral and Margins,"69,971,080.00",0.01,"69,971,080.00","69,971,080.00",100.00,United States,--,USD,1.00,"Sep 01, 2016"
BIO,BIO RAD LABORATORIES INC CLASS A,Health Care,Equity,"69,118,987.19",0.01,"69,118,987.19","219,307.00",315.17,United States,New York Stock Exchange Inc.,USD,1.00,--
RL,RALPH LAUREN CORP CLASS A,Consumer Discretionary,Equity,"67,634,647.64",0.01,"67,634,647.64","419,726.00",161.14,United States,New York Stock Exchange Inc.,USD,1.00,--
PARA,PARAMOUNT GLOBAL CLASS B,Communication,Equity,"60,922,070.52",0.01,"60,922,070.52","5,316,062.00",11.46,United States,NASDAQ,USD,1.00,--
FOX,FOX CORP CLASS B,Communication,Equity,"48,802,286.46",0.01,"48,802,286.46","1,416,201.00",34.46,United States,NASDAQ,USD,1.00,--
NWS,NEWS CORP CLASS B,Communication,Equity,"34,535,965.87",0.01,"34,535,965.87","1,232,987.00",28.01,United States,NASDAQ,USD,1.00,--
ESU4,S&P500 EMINI SEP 24,Cash and/or Derivatives,Futures,0.00,0.00,"1,311,613,312.50","4,821.00","5,441.25",--,Index And Options Market,USD,1.00,--
